id,pt,y,weight
1,70.23653666639045,-1.3232802806453385,-1.056124491271951
2,12.799334887914798,0.7077963636062641,-7.2792167205534435
3,57.3635638704984,-1.6341821374017398,-1.7378559691729982
4,50.32518709329179,-0.8113633825201674,-1.964143472089739
5,45.10248267566966,-0.16645684111114484,-2.2832249680552046
6,0.7332203443430882,-0.2986297209470345,-11.499286001085077
7,3.1209819393822786,2.370718481935125,-9.837660146262916
8,56.799832219461976,-1.2903529967777843,-1.357245795801054
9,51.17324994958382,-2.252871240155576,-1.633740409590655
10,17.718096254506786,3.3579531925892008,-4.537865582830239
11,18.386003672649295,1.1704273492380513,-6.054327731099347
12,7.048173574076306,-0.06643609598335126,-8.762616458093627
13,23.774292043721193,-0.6631411346528547,-4.252944016502817
14,50.69820780799865,1.3670686190947037,-2.0997508421706925
15,58.273220759717915,-1.043089166790232,-1.5710752340740333
16,54.279803173724076,1.7954648956078474,-1.4591868207897578
17,52.927208451695115,1.930010153362868,-1.8087306481572742
18,11.259326072902173,1.4264305905793355,-6.863041220955412
19,6.18092975922893,-0.8709549730503929,-8.813200799458611
20,12.950910998409368,0.7905457515712484,-7.288667757101872
21,67.83760331327947,0.11376508662821647,-0.968309951906616
22,3.545963998157415,-3.794054756271252,-9.176083978539992
23,71.85098880550686,-0.5917315487707209,-1.0053354983972373
24,23.18223301660646,-1.8300907622238438,-4.429011053249085
25,35.685936311673025,0.2073298355879562,-3.1629125110726384
26,62.85080303517819,0.6197535728152339,-1.183725403949413
27,9.170088301722073,-0.3936139557397078,-7.062091230505677
28,76.24748192590464,-1.808265932638426,-0.6625721411803828
29,93.75812104787771,1.2374264651742397,-0.40304076407236483
30,25.32655292710929,-2.8806994912632855,-3.580514584785931
31,224.56786124856868,-0.4049027041316978,-0.005718794238616499
32,33.03538693020902,0.15289516800437933,-3.023944455012397
33,20.465797478284777,2.1430832002981646,-4.540164736952317
34,7.679016500723858,-3.716531346417338,-8.199655561117755
35,7.299166961697464,1.1176641842054056,-6.337405002884642
36,28.419553113343504,0.0873851944910361,-4.401965258372787
37,16.05999694774213,-1.8438635826960783,-5.649412444839971
38,56.497454305711166,-0.614852430582549,-1.5701675914830768
39,29.6058309315208,3.1917889462503704,-4.0954119045321695
40,36.80147722481995,-2.6879747723012724,-3.4978362565676533
41,48.80150288416359,-0.12272791587367332,-2.2802989725161225
42,82.90157848437434,1.4372647213617242,-0.5854012824972813
43,13.251777427265374,0.7784227098949035,-7.354929258280865
44,128.61413459227975,-0.20984811197738856,-0.1235271836207607
45,23.183601709113166,2.914960255287974,-5.142168616436421
46,21.24501256072226,3.0562300305502275,-4.877660464719669
47,11.283806563258109,0.7188208596038642,-7.469577339626627
48,37.9291560049266,-1.9112488721410577,-2.988128755325818
49,24.227988803081217,1.6710517541964798,-4.5917284398576
50,1.6400681533169756,-0.1571443496562228,-9.917926613865458
51,20.622883528303408,-3.4170867160328218,-4.367583767399368
52,24.626602796941864,1.4486143677724972,-4.504255477121018
53,1.778037550632728,-1.7359705943532506,-8.097114867105288
54,34.37177820857721,2.4666381655503984,-2.627147116322397
55,38.06801381288777,-3.2958284962373585,-3.0674343965191566
56,37.51225206002732,-1.544671984235195,-2.8533502898465617
57,36.543959177672726,4.109433875680619,-2.620871641630946
58,18.050516626216773,-1.5455077062163851,-5.563028983421016
59,33.687237479743224,-0.9443778957320441,-3.7425829493667084
60,87.7122774488198,1.704266194228333,-0.460857554634052
61,23.27060997824687,-0.5451647655043971,-3.6955762196873394
62,28.217075089909915,-1.1839569570906152,-4.235297148390087
63,13.311346132071776,3.01520146540455,-6.708713672681634
64,22.63612654214668,2.8201957947767813,-5.13560537754603
65,39.56539022177672,0.015348031753973014,-2.951316777618984
66,5.9294213552041555,2.034764621389313,-7.160212294719651
67,31.44387934806951,-0.7563887072016433,-2.9297032605139353
68,87.64499265298417,0.0238891624914975,-0.554469675211488
69,89.29547709437631,-1.1668324462634296,-0.5497462842545016
70,4.472737627563568,0.9971887237015841,-8.074906655052251
71,3.0232413929278446,-1.4429011870577195,-10.412271621389607
72,20.77533090629277,1.8563939491999335,-4.371913070658386
73,15.396241522999047,0.6390471109228439,-6.304180426999669
74,12.452746495672724,4.3226452456201905,-7.2678727767536
75,22.261758809461988,2.030916474682418,-5.6793304377902585
76,1.8290255664493404,0.26176166364393927,-8.931137415817345
77,5.536192479136606,1.7930367606717015,-6.667397433927511
78,14.571969333675046,-0.4173875779687478,-4.990026857518955
79,70.66219058498045,-2.7386436970253527,-1.1214555913119735
80,6.265464866942095,-1.1518550172938165,-8.50753950141424
81,6.018966738662306,0.272518795843916,-9.399952109749636
82,73.12282198901227,1.3533209454224169,-0.9087093858292086
83,25.598422486129344,1.8228197564314899,-4.907133638880367
84,5.861912513933149,-1.4804551558576755,-7.069784356392842
85,51.27699317848851,0.41420683320414053,-1.8372612407919808
86,95.12498512040146,0.07993611750584803,-0.4936692779106028
87,49.38380918958407,-0.47044166646488766,-1.8115450339974326
88,5.968779346539391,1.152809412083311,-8.256445001948459
89,69.14681333058209,-2.040095120607097,-1.1961719880272947
90,75.77153684395269,0.03011172917692897,-0.9401119496525904
91,79.18644105304001,-1.4214327608191653,-0.6990670457269628
92,3.711900457494509,-0.4419911050720809,-9.028677668092756
93,12.390282260318571,-0.7375630737205128,-7.457090058921119
94,6.260219229326373,0.8292883331926141,-7.805845073315979
95,13.31003200942766,2.927221067037156,-7.214796333196476
96,72.12792615748884,-1.6914094899895624,-0.9783445359605175
97,54.80212035538433,1.4781043812865353,-1.7146393961530424
98,11.594284220964857,1.0566951371339188,-6.868766853672126
99,25.67611046208706,-1.4716564925434361,-4.327963877303276
100,6.729280203183666,-0.29923123126891493,-7.416361591215285
101,17.821031023377024,1.1558755496284374,-5.358238966542793
102,17.135258548473836,3.413895516448724,-4.705042543434176
103,0.7236833685342352,1.5264201549977212,-10.189856521871791
104,10.954072603007944,1.173578702751295,-8.307815560008141
105,44.18705746228206,0.30349182117305656,-2.3178567665535894
106,1.2757201988096982,-2.304197306039409,-11.296391677565612
107,11.006946315860459,-2.7465726537176374,-7.0473868365028185
108,30.727340577096065,-1.6823864914223812,-3.93431351415186
109,22.925902015863755,1.2187190808494586,-4.076320498725019
110,99.88342349982675,0.372476956629383,-0.2940145357983911
111,52.35674206462613,1.7231391867085395,-1.7628087274918374
112,5.8910366202034705,-1.7514067798998711,-7.792517793938427
113,36.037606565983644,0.5787460132583475,-3.5495962971373585
114,66.8677952460887,-0.3639149588936075,-1.167898062082706
115,2.272869597319963,0.29337909877672264,-9.791067290591371
116,0.4714666343870386,0.9778192285848215,-11.506092380357295
117,6.921281974055371,-1.266749513369025,-6.366811101762569
118,8.248400784189364,-3.163932701414267,-8.549098908439007
119,53.389716867873084,4.402831662763648,-1.9073252672263197
120,13.946126050826999,-0.43288789186391935,-7.130976099065057
121,1.3736789035795014,0.709658116816482,-10.196391413358532
122,64.09808645276111,0.8763857832123729,-1.1441158244096807
123,25.35678155883344,1.3790863569217142,-3.7876270242815315
124,63.27996658231625,-1.5893898566855609,-1.32802208613925
125,9.548978426113027,-0.5700488020463911,-7.022582312112254
126,9.775506225219091,-1.4472459731549216,-8.377301021110364
127,50.90296696841253,-2.0253882856058043,-1.9255181127577488
128,15.09904373024734,0.15023023484279663,-6.519272250447132
129,17.88759516410894,-0.5540718638482169,-5.8119113068857455
130,3.6744678484990487,-0.9100958176408284,-10.270616749843077
131,20.114389560451855,0.543158101538143,-6.021974045504532
132,8.891561638886719,1.220473689401128,-7.973022227221955
133,80.0444048718045,-1.4919847944774067,-0.6340575022737286
134,25.326661225387916,1.1099201462753163,-3.6256926470123783
135,3.814577599775673,1.3764415248142137,-10.391808119721645
136,24.27357982006746,-2.7928805984278577,-4.448879740854633
137,4.078544874912591,1.6869758852076475,-7.364858329016367
138,7.788200189335155,-0.04709065822859356,-8.741286257128623
139,6.117818474382562,0.21397874563573827,-7.312788850552552
140,28.660368257679604,-2.709843151365741,-3.7515583419095515
141,4.621075373162384,-0.3561180002366938,-10.0592656790469
142,43.67450162391681,-0.2486211211015295,-2.041956650968777
143,7.088055149951511,-0.8053313748360915,-9.312454966459812
144,12.526775574145596,1.7710957464150139,-7.773191371172559
145,76.46983176193751,-0.590671092605366,-0.8266647996975569
146,14.893477051720321,0.8117311287849492,-5.2422596544530204
147,10.351099355717254,0.8809948327550894,-6.216074634906067
148,32.18940791672681,0.37239645016038897,-3.336257158690116
149,61.516833805954924,1.0212584396508508,-1.3013235491715434
150,24.415620979198145,0.4757397936344038,-3.799299202457673
151,99.87456708994735,2.1360585879625664,-0.34532730772681275
152,22.924718952496757,0.795102949699036,-4.878177203129258
153,5.586823957366767,1.316137939030552,-7.1171018137757684
154,3.2875025197988528,-0.5912693712978343,-8.007297545052504
155,14.399843944279423,-2.5391717434637413,-6.852926651968101
156,3.8228022410440428,-1.0557177077046052,-7.833488304744745
157,29.688963981469406,-0.5415008943753776,-3.938471010530315
158,72.51008088478196,-0.2288497912917713,-1.0478622485516926
159,31.05139638372606,-0.4204764027935643,-3.480589339251009
160,41.35804965918575,2.03243257952515,-2.70359937561949
161,28.44958421259909,-2.51045607805402,-3.804160155884065
162,75.5575723672371,3.6867318729420084,-0.6939432393511044
163,23.065533414717333,-0.5345495855653484,-4.889648906323841
164,5.74764452973085,0.6450434285796686,-9.799998679129406
165,211.7741144091503,1.0595491531627734,-0.006948138767954941
166,49.11205624016808,-0.9709830944770325,-1.6684440657261508
167,18.481810506606784,-0.4580353072928359,-4.810894040075397
168,15.436524066128833,-1.8163883482428227,-6.790980045234307
169,13.059551251917844,1.4650586140444055,-6.257640895817679
170,39.665723283387756,-0.5601197820075015,-2.6056855276532196
171,14.75240633346153,-0.8720909159461216,-5.868216302406333
172,38.5454777401719,1.0074194910846115,-2.4414387773026425
173,7.3371185423839975,0.3577152876125192,-9.000602121028079
174,32.30487618731526,0.9197410707781255,-3.5687324221743317
175,69.18404032678806,-2.432934046933494,-0.959870041939236
176,30.98474050922005,-0.7602900811474396,-3.1520430570712636
177,4.571170007441684,1.6915608712686074,-7.900850331079652
178,53.67271214413515,1.375383881459082,-1.854662053079762
179,29.31277451662992,0.9964832527724411,-3.841868998348091
180,5.113663632837309,0.3299191599325205,-8.042504204536245
181,21.86328410856539,0.6880079250541303,-5.199352096809415
182,14.631377557579434,1.4696399065915693,-6.55044900624384
183,9.578071153887578,-0.048870702082307885,-6.2664689866470615
184,15.41873991948441,-1.930430244205024,-6.655580937775484
185,6.612284374228352,-1.4313930948064386,-9.202823134889082
186,4.197008958766531,0.8922015188887424,-10.194250223415892
187,11.40333474146675,1.884797505516663,-7.481480982360441
188,62.60403367755483,-0.8436129498284635,-1.328283037144966
189,46.388577858209196,0.16989612742629695,-2.439068504534222
190,1.625852570113731,0.10156003635995829,-10.808474030725657
191,11.275465588813129,0.824183428229263,-5.907328782188629
192,7.18626285255982,-0.5846488671076338,-8.942321247832902
193,13.52674604493233,1.6710638420433521,-7.207070560873267
194,19.335701322158698,-1.0716338710471696,-5.676622308119185
195,10.263769671085623,1.5483248097988689,-8.241325123051476
196,4.946836975442636,1.1473660461810076,-8.19214725878691
197,22.79817871656091,-0.6483447727782676,-4.774829627687885
198,19.021887014256258,-0.5958495500777297,-6.329761408851137
199,35.13197792374935,3.371093974403602,-3.303584335830899
200,4.757434558649262,-2.3329871929507173,-8.34547121215334
201,42.27749661208519,0.9673360108978634,-2.325372212198346
202,5.606444592504457,1.1055841744042938,-6.702547464734213
203,34.95424746620005,1.4361340716802766,-3.224687991309976
204,6.020688601507843,-3.1567656218524753,-9.471054358486777
205,105.4949208593635,1.8320154049482864,-0.34284774870356
206,132.22722335933912,-0.6387831925682453,-0.1406841073536175
207,2.1413354196260497,0.8383298008470437,-8.914878329580082
208,4.857432144817463,0.950217076913372,-10.182002539212096
209,46.9579716495442,-1.8679856322897672,-1.9404053480312462
210,37.282259452317085,-3.34310545342867,-3.40395409207425
211,2.6018125337295332,-2.146646067111807,-7.39393870350054
212,66.50535271725442,-1.6183494530266964,-1.0536727692376269
213,5.5559363883500925,0.581979273962222,-7.578988469134045
214,22.046062840629077,-0.787907692140122,-5.5935419697998405
215,20.17734835746425,0.4068941578485926,-4.57066105412601
216,10.986010119261989,-0.27348343179704293,-6.79200139534758
217,17.019216527858983,2.417398288800022,-6.259702736260519
218,18.37952320404796,0.6280663632596651,-4.509241112419292
219,24.04029226934258,2.828811328439884,-4.710131418513434
220,39.800179619973356,3.037134610157446,-2.143262331177667
221,14.373564933203184,1.2106854502604867,-5.043772714397648
222,33.43346339115867,-0.8279642198777766,-3.5393116727116785
223,12.267703492152068,0.9637991131849792,-7.398689453211498
224,15.686694982666724,-2.7781770802412478,-5.553702040778121
225,85.89182171490094,-0.3667361760585578,-0.5683865911075998
226,9.304887709654894,-1.866193721444552,-8.545779901646176
227,75.3163776781752,1.9141150555204076,-0.7533073242515335
228,21.326584617866253,1.1286841287294676,-4.152728156494631
229,49.94139728035274,0.2469598031718524,-1.5702897004139447
230,14.022846416985118,-0.6697163512518893,-5.398901844712707
231,48.50249589303948,0.5403593609963966,-1.5960035270294386
232,0.4061536752955283,-2.9454593918317578,-11.076960298848922
233,61.24347721826594,-0.6468522674630296,-1.3639092447458243
234,61.51964744081332,-0.5882981325426669,-1.266314749024281
235,62.00202329214025,0.15969043150967563,-1.0745576732277011
236,36.5368410202542,-0.6912885707400876,-2.6029343655711146
237,41.12019996431059,0.5742052538479905,-2.9978576764409612
238,0.1154559377035074,0.3211231434705199,-11.123479379066834
239,7.961017198481207,0.5803346085083801,-7.118299336514453
240,22.608163908874147,0.18855662770209913,-4.661564246448889
241,6.5932178189741455,2.039878820403653,-7.019019268711475
242,10.192996470189568,-0.1550031200829075,-7.621022099575722
243,60.0762431810705,0.8890469731974124,-1.0833432118019048
244,5.802115028803351,0.360207376018045,-7.244997375910263
245,4.66078931547866,-3.886534122567368,-9.245845129812714
246,36.407373401067986,-1.050081953187602,-2.467121579591088
247,6.212498349594407,-2.021325738606241,-7.031785817064128
248,30.260152462204008,4.198886727137261,-3.7816910953928335
249,27.605496285339843,-1.2286262652766908,-3.8673543654374383
250,52.19811500536527,-0.051400251130703,-1.9206249883531759
251,22.685858468976278,-2.216773176336006,-4.228174882928014
252,42.1089651333025,-3.2549346143222095,-2.029165301581713
253,1.9452122564244119,-1.3601573805112577,-9.821454785736345
254,51.0636257157825,2.0225739840603234,-1.5166715040454317
255,43.372900032029804,-0.04925555561320311,-2.585827709534691
256,2.771080857476698,-0.22780626689370953,-9.43913116474318
257,74.42745708552425,-1.4617002537365509,-0.8963022329935493
258,2.0444729506712416,1.7338140997236948,-8.453562483226184
259,54.92595868910143,-2.352670169255391,-1.5902139804481854
260,20.77611684439601,0.7515883675113038,-5.530197086996183
261,11.283364894522698,0.9745758000339072,-7.1047932767115896
262,1.3091375314567237,-0.0055269092407942404,-9.009710258611166
263,18.761561705240148,-3.302280962576739,-6.092098955073449
264,107.56377454347853,0.8116998942444302,-0.27320539300646596
265,68.80565986350588,-0.7932217127269543,-1.1102375648534126
266,16.32098612104293,0.2457933747498938,-4.700055321382516
267,4.5048801977555,-1.8483288066497885,-9.060724114026288
268,15.295695427682647,4.1474281101773,-4.838166837981951
269,47.01652225372727,-0.48633124416636137,-2.1638049563352904
270,6.096905072971602,-0.7855331505713821,-6.838335347341114
271,14.892480489538311,0.8005022177514063,-4.922455670353453
272,14.938856413830505,1.1003397190495015,-5.600029096830331
273,93.16357579067692,-1.0270169601374768,-0.445629191441911
274,38.59121252163447,-0.32891491691514796,-2.6885085191107203
275,88.31178485722562,2.1232592039928484,-0.43394298376551355
276,97.66574039240601,3.337402247300707,-0.31880441698382006
277,11.715041276290334,-1.226460746407977,-6.050267026985998
278,86.11953828914295,0.18084352859668795,-0.6354354633753467
279,16.15337798872661,1.2829018802190684,-5.039512755265944
280,29.86481038279402,0.10475993846839185,-3.967476892533984
281,16.810847147447358,0.5693968389703787,-5.211876469926728
282,38.70300083420767,0.5472744247117234,-3.090568041969255
283,59.874534935014935,-2.7169627624736385,-1.1215350751959294
284,17.77616139428534,2.909071667282181,-5.345649161046317
285,7.051018465552645,-0.50388777137047,-9.081370470926409
286,11.242419885719448,0.9707614545573255,-8.017847242240752
287,107.83750011468294,0.4375047540759908,-0.2832068425384843
288,12.06185956913272,-1.8579857582536645,-5.871621944852484
289,4.079157252932562,-0.925963087769127,-10.373626970431117
290,7.799155203151776,1.9103565158777256,-7.9970626768925435
291,8.115620296663133,0.736243154206001,-7.53750816047879
292,0.5876366120629783,-1.5733893974764386,-9.849018542710668
293,3.0139309558013756,0.0025339111938874302,-7.529482985700686
294,20.255709871047177,-2.096912052094738,-5.299512798836936
295,66.46761903312154,1.1393703800535966,-1.0688516284903273
296,45.07584235919227,-0.30575830129961823,-2.484986234839239
297,9.697634668375214,1.8113992969624717,-5.961192960108958
298,8.494196779333793,2.278057768932399,-7.935170701266858
299,11.889856219046925,0.7801364022148691,-5.775515246832626
300,9.554861604209847,-1.53499349611061,-6.748913539398898
301,126.56575868508637,-1.471077549238486,-0.16623353730353813
302,31.14032834827084,-1.1376986470209394,-4.190013865579853
303,27.30830462424134,1.7742436168332922,-4.403192753206595
304,6.505268945346599,1.6737449689646162,-9.012929387724293
305,9.95764107488714,0.3979924597453449,-8.089836513539671
306,0.3292202938543348,-1.5218879420620386,-8.945245694846585
307,4.666635965832266,2.1509339003516623,-9.457708749891816
308,2.459401839077551,0.34460580605576163,-9.083699609656724
309,72.17397874338414,1.2617296001788927,-0.9218716776327658
310,27.030617385988926,1.6829917377274586,-4.4814511110282504
311,3.420095084167072,-0.17772918501520066,-9.65882854548714
312,18.117489687956343,1.1922397595879155,-4.7295424174572345
313,4.12741077207146,0.7424075703418278,-9.996524298717892
314,24.127398798949258,-0.2101081337995783,-4.239479563881364
315,11.361864787179977,-0.3493950393309723,-7.200333667255959
316,31.181587407257418,-1.8634589099865582,-3.3889353922261223
317,11.862939407329348,0.2047396177120101,-6.149147897282247
318,25.014851699140163,-0.34092727685233887,-4.462903563181703
319,64.4340817641989,2.238909969739872,-0.9954997995714713
320,1.9802809451245325,0.8197370732909564,-7.743207522866142
321,4.931028270908326,-3.523033717561624,-7.5850110072318
322,42.15325519064214,-0.5077403116318289,-2.916920560103138
323,12.38185490119375,-2.1333882079837396,-6.59844697420617
324,23.631080500853884,1.3047290765237034,-4.593791600170768
325,30.801480564536405,-0.6911489568018805,-4.044362438758444
326,50.51904987510487,0.5292559804242772,-1.81811612141887
327,3.6734758941670194,0.9900414765467214,-7.92476779684741
328,31.048729908564635,-0.6159403159865219,-3.634382008345623
329,1.6173152209611097,0.5909827598128448,-7.740814467188843
330,7.41543859720298,-0.8948598269344821,-6.974839418242946
331,4.968561726739414,1.2139134325523544,-7.873586495987386
332,42.31307222955436,-1.2848480192528724,-2.606571068192911
333,0.5833061320301747,0.17020793095168868,-10.472944652992112
334,35.833027743672226,-1.7380377201563344,-3.0893652554423716
335,1.2287232570029392,-0.8680213159811612,-9.91637523422659
336,0.21534223673528355,-0.5483315254607396,-10.729999018893473
337,26.138317562556235,-2.168948488395638,-3.622115569219731
338,7.177362207759935,2.3651213770539847,-7.986300800991127
339,74.02402657435005,-0.044018402514987946,-0.8670775370744676
340,21.454399551328493,-1.218686418481477,-4.225732641853774
341,6.753837447110623,-1.0558020205361593,-7.43182378500785
342,9.047014703603686,-0.84714848884978,-6.26983853912514
343,10.080203021062692,2.0065922679837254,-7.5789801548423945
344,21.51121751801366,0.3673480142629627,-4.697783881619284
345,6.130832934450697,2.6183837054128465,-8.943414470676563
346,62.20004364099889,0.7014778028111003,-1.1068097360724827
347,25.333545733470597,-0.048617266400513046,-4.59742091238663
348,65.31881707425603,-2.8371938605647653,-1.277593581616618
349,13.432629175025168,1.9825073813942944,-6.5614931694120955
350,64.72350108563114,0.704860091653523,-1.0416549069601595
351,21.467881446752273,-0.38504902618017534,-4.265010862759578
352,12.190905970677342,0.9742829091856016,-6.659594739741613
353,38.18276769147138,-0.3113475104413379,-2.678198585940103
354,42.0554784646245,-1.6304306951922785,-2.8757373719570336
355,19.62792499215615,-2.192150344260556,-5.545537533033687
356,83.3341531137258,-1.525090301293536,-0.516716100652817
357,3.4038502417181324,0.37767205830809314,-7.3205550929821115
358,0.3382570859881879,0.000642457671608849,-8.994931388255695
359,0.00028438332906079725,-2.2801162910083614,-11.84472130548471
360,3.0687126630078523,0.8199115811983615,-8.551191853799189
361,31.134444969963383,2.42754822678649,-3.362077402046136
362,9.854233719851562,-0.4482337074660834,-7.6426690948374105
363,10.5920121109069,0.7404457302998109,-6.018822658317919
364,18.315381753539008,0.1654738334583243,-6.3696861342711495
365,122.73998784471783,0.6527179122894955,-0.17631083729774139
366,91.36343170533732,-0.3884222498648606,-0.531462784243938
367,63.680636015798584,0.845763909959842,-1.0115862531705704
368,38.70869957422443,-0.38480336391845193,-2.7026445478396033
369,65.26271993976131,-0.4064353921651981,-0.918727129890365
370,24.850500944688815,-1.1271081671762562,-3.604716555007377
371,35.31033857526281,0.3250053311899794,-2.9308751194125917
372,1.1360772360761362,1.4746750855410098,-9.368373788012327
373,18.8040228900949,0.11127541896418972,-6.192322271772275
374,32.066655941026404,0.21846798470643675,-4.064952811020574
375,62.71527519083403,-0.5957005592273765,-1.0892271929193518
376,9.329930971712306,-2.314168450470926,-7.829043970773496
377,99.05925279298462,0.8705447713328591,-0.41380091445407813
378,164.44885746302734,2.123149276988401,-0.034035018685490685
379,24.84921768110521,1.1952862838590557,-4.722459480241453
380,47.10129134357593,-1.5016391599796715,-2.2597471881505107
381,40.70509200560548,-0.1467925438502197,-2.438070197616151
382,51.56322321474828,0.6285092262806826,-1.8248359318392182
383,14.017062095856648,1.9693580249974088,-6.369525441463811
384,11.601269001479462,-1.3966796892354256,-7.171425858073308
385,15.67690965440656,-1.267222150214615,-7.076872702175469
386,43.741869524567285,-0.6988588631507082,-1.9989028113874465
387,33.50248821423023,1.7293585121236053,-3.1527305781073736
388,97.62453410779712,-1.4411300312925555,-0.32226056685443855
389,8.758748337192502,2.213384370996616,-7.902527236303411
390,17.977070877883047,2.596210294368555,-5.57845792472488
391,34.21470164918831,1.0588119829468925,-3.7314806418961237
392,121.73590928420184,-0.8788326828509174,-0.14831658680776452
393,12.540551714786089,-1.6661404976826453,-7.508082478242678
394,25.577837270132257,-1.8356342044675014,-5.076864201684755
395,47.14661000724033,0.6815653798805525,-2.3459674791935425
396,63.7892066424896,-1.3442072680692,-1.4267931674962253
397,23.5576593953299,-1.9486987564084368,-4.112633536867898
398,23.985150079312056,-0.24081641540684104,-5.2908425251972355
399,40.37891222909005,-1.0638776989657406,-2.5916220554810554
400,11.812943187146463,-2.417141960156317,-7.652936887280163
401,14.019678832816108,1.6839617046939794,-7.06732438037489
402,7.418147495735588,-0.70462005976734,-7.344272040179332
403,15.727380662963833,0.006999461823187277,-6.252647808746627
404,18.135089029382286,-0.711562888467743,-6.194140554749419
405,67.6808804133488,0.019573182815418467,-1.1706907405316758
406,21.06630900356512,0.0479607245606779,-4.177567845396154
407,4.677010530634237,3.301407188595947,-7.672849056056711
408,15.63233346092992,1.6098046413271372,-6.711396480573399
409,23.424413664618047,2.2617069474044817,-3.707330336329925
410,0.9477370101204825,1.5702536171394226,-8.22046202785187
411,6.163313006919674,0.09409974799251888,-7.339757657855168
412,90.48579959790769,-0.5693709240787022,-0.4745732187543626
413,13.272321086892166,-1.902803410205605,-5.9114223024569625
414,14.718305827752996,1.328387338170018,-5.40851388079838
415,16.785977462219893,-1.4468344779171658,-5.97719029273402
416,1.2833072225471966,-0.9142509837560648,-9.548036686421442
417,0.9607626407963533,-0.1595978944218209,-10.46205158204382
418,59.23620640328162,0.3412092664159798,-1.323700518396457
419,23.231843113465786,1.8703970085189983,-4.831525947630959
420,12.97221571384986,1.3234551799284597,-7.713003895529432
421,20.218487001160575,0.41508418921183754,-5.071325587414506
422,70.8940801389297,0.0719819728155834,-0.9317851167225646
423,23.540441879528224,2.0880240435500816,-4.956148935473483
424,76.65120537056357,1.1990811941478963,-0.7628095492757474
425,41.475312471179,0.2335591143232127,-2.0420545719534813
426,11.123806235323572,4.307408622646541,-7.667042906411148
427,57.85670833341187,0.3217368960529016,-1.1688476772109493
428,4.1221949055082066,1.5084646040655167,-9.980756897697917
429,45.537899380542505,1.4947399487230726,-2.1934679160756136
430,18.662771844921018,-0.6408394891058322,-5.7914957992555705
431,14.739421980592665,1.946284929833975,-5.013794446192794
432,26.43212847730324,-0.9919825096046896,-4.4719047382635395
433,20.265053486039065,1.0216886171505941,-4.4024947718603515
434,10.286823991190062,-0.7203421370113007,-6.61854704759508
435,3.485046962739169,1.6099729930205198,-7.831740804365498
436,19.98040660537721,2.3624899686616527,-4.12171852931903
437,44.84849095321798,1.1381144475007021,-2.4870086378871994
438,1.3459884678162892,-3.0523121697647255,-8.34765407523313
439,12.468663969639321,-1.184189240556716,-5.883226158577197
440,17.645588699628078,-2.646288021849541,-5.999335427572292
441,72.79523677835047,0.6597568485540792,-0.968384994570502
442,87.93905416315123,0.4891498249679737,-0.5466653555436698
443,17.29279697305251,-1.5552647169501255,-4.54138218858251
444,22.34428284809879,1.7271005459663336,-5.1163549264244415
445,30.22193262277812,1.3340875909784842,-3.328728653926724
446,24.44463852925328,1.0527719221151723,-4.2895082428241444
447,2.0218889080996014,-0.29310888863299517,-8.815929717328798
448,15.39119084260813,3.643631198988206,-6.990763488764027
449,71.13113480507513,0.5405135576980735,-0.8075810073909634
450,25.34846234683681,-0.5369054817455522,-4.578699183326202
451,17.723248102462644,1.4497962157867965,-5.013898440266282
452,2.0746792850380666,-0.03170152769272559,-10.414294385790244
453,6.155800677054855,-1.642839328664734,-7.272573994379713
454,4.783493951687734,0.9960335117054059,-7.275224783849011
455,36.266937594281146,0.5263417419072791,-3.329267041271807
456,3.5889419631298054,0.037079612738252624,-9.461291276248527
457,26.425742226713226,3.0864327774787923,-3.5426257097561367
458,76.04749347233361,0.17194759568032117,-0.9070155370210198
459,48.467496379180574,0.6398617174256298,-1.970838796143308
460,3.129066073124098,1.5773785370932174,-8.605389517260582
461,30.104237059457972,-2.6163740109785287,-3.1470887193743002
462,4.07306536308641,-0.6964087192556834,-8.764904608390738
463,59.23849755256107,1.63853863483769,-1.6587567969384203
464,25.052205146356567,0.7459600762689986,-3.8994949002840222
465,42.001303121387174,0.7599040718977079,-2.194955026808816
466,9.133392474528257,-1.2012349956114516,-6.076295307552739
467,16.96220502420464,1.7965449593115608,-4.607901412656794
468,33.41080142703548,-1.897089053016583,-3.849216315188423
469,14.86708910109585,-2.36370857381792,-6.698070570744684
470,4.0858085849918435,-1.8678932405874757,-9.127802557943953
471,46.88630605439062,1.654806540559559,-2.309407650775341
472,5.133798173579685,-1.3911141830085731,-8.760792541737109
473,10.174637417152828,0.23100711276294042,-5.787067718476501
474,2.0590944247733374,-1.5804640770851894,-7.786187045114469
475,66.67178568114778,1.3106546408126547,-1.0269460359178646
476,14.990010549104978,1.702101837940039,-5.981187746207004
477,49.32264858768002,1.1066195811206552,-1.9591573942181038
478,11.884211074974948,-0.6347965705381811,-6.212707584141972
479,88.98284085872464,-1.4779326995041968,-0.5915053595511959
480,34.98602587751739,-0.10641623700809405,-3.3588017902905856
481,77.09590202802217,-1.741623080122137,-0.7881139841957917
482,19.00834021342478,-1.354534782519841,-4.438513647541714
483,20.181256582365318,-0.992679079925165,-5.371401509729685
484,8.694247487716721,1.5130728716805866,-6.79018238568931
485,9.492785667891644,-0.4362647570319017,-6.742534401078785
486,70.87349913627922,1.7470464876413672,-1.09531377328211
487,25.04235401721075,-0.7443858458644887,-4.905307639626342
488,21.87391211788474,1.0449494296813857,-4.652613902197132
489,9.192092627103905,-1.9535182371251887,-8.150911515576148
490,66.36873212443096,1.013242740476261,-0.9365723786794338
491,44.07841571301282,-0.6381479517245755,-2.1734272881263075
492,23.477450282358934,2.1957318010467035,-4.245128972655301
493,47.989178384469476,-0.8063034262728849,-2.2011369672297674
494,62.659474981278464,-0.4548785112490054,-1.3072058362369028
495,6.910099237001161,0.7017574410613652,-6.935779520617618
496,31.279210811492042,-2.7370893552028424,-3.5209338961461834
497,8.456321118418625,-1.1861957343019807,-7.74942093141368
498,23.127334584516824,0.11706850633322599,-3.9715134188149155
499,27.940894340847674,-0.062285658211980455,-4.43365126957172
500,123.80770541729727,3.909079934543903,-0.1292702934439397
501,6.281956764120421,3.1487158060633784,-7.963949376405453
502,140.83235047685895,-1.3832437442919363,-0.09452037196818555
503,9.734185406973381,-0.9113371905176255,-5.930719867779608
504,16.74314098915389,-0.41116498627201004,-6.825612969861638
505,27.136184553990624,-1.46738907213937,-3.431196489620947
506,5.993972289832439,0.2194982049799085,-7.734744049061717
507,48.47874187688737,2.7385994428718847,-1.8100444972772731
508,23.85477922620155,0.9762902880136309,-4.096840595464013
509,45.9563445907549,2.041152784791711,-1.906168243498454
510,66.57808925986245,-1.0279675568696969,-1.1158250201116275
511,0.29714973281269497,-1.0979470910045477,-9.01891902268119
512,16.85318213536012,1.7890138746442963,-5.087274205787618
513,28.89454499244169,-1.0671630220322574,-3.89721227558594
514,55.12178992227145,-0.5072320634432453,-1.3704798540820757
515,24.203606156037175,-0.43024822781669014,-5.008639019531089
516,52.309549835045345,0.9655184800392942,-1.541146876479104
517,28.736565294936355,0.6292630254385249,-4.206088931090775
518,115.43273424804028,-0.1850781388547521,-0.1936306237205881
519,19.980968664654025,2.390172391841062,-4.564037640755185
520,18.45818631322854,1.6394125472850682,-4.682061925622026
521,5.718225679234026,0.13246777032749305,-7.4009900246491505
522,11.066513765232244,0.7026105361189453,-7.13533699955512
523,27.4674545774433,-0.7868812499185525,-3.3629697886954864
524,2.566643083520366,0.6789017276450026,-9.960055707533567
525,17.530266142839867,-0.10053109850387845,-5.831279773283671
526,14.3489444538369,-1.4743324014843138,-6.3006830762863535
527,9.512226689387521,1.2851992129445469,-8.126367046226724
528,22.26605033919763,-1.1797218874336304,-4.421840560884534
529,20.736400608894087,-2.1399672030425108,-5.223198874464874
530,14.002398707816885,-1.901931060581914,-6.78068978765692
531,27.56032342935107,-0.46078486359381754,-4.450277689158944
532,6.962914610575699,-1.3863323493285362,-7.3394679499356466
533,15.58097386348847,0.009641536981258369,-5.308618489328945
534,27.521412462908692,1.2431483526970832,-3.947237255327321
535,0.7372649239934006,1.0305701110867025,-10.52837798136419
536,18.057859367514798,-0.4439276268576665,-6.1350674647071
537,14.773361327159105,-0.8271541517820369,-6.089196570668058
538,38.64003964028266,1.2140962603081782,-3.2096665600063834
539,2.811553289456586,-0.03343872063072266,-8.619508178684383
540,175.28183219067586,1.0800912508153375,-0.028760066522092013
541,5.537222391374533,1.3086034607551627,-8.644190884136437
542,49.844389890021354,-1.7169854716576687,-2.1612677164234233
543,116.12858595490478,-1.672491521631077,-0.1742075986195735
544,74.2546014526024,1.9073889155268753,-0.7042947121665764
545,35.65408754949193,0.5796591377855992,-3.5733838455944604
546,18.1047248665362,0.18860472659633612,-5.016493461234134
547,58.663720482070204,-0.59487976863799,-1.2616619303546535
548,11.201484397540762,3.2848672560491474,-6.940487411524933
549,7.911765489428951,0.41069913734927077,-8.156956190254064
550,46.010849808594735,0.26893372688836953,-2.549009897874319
551,85.16636016313363,0.8481126673703037,-0.6883284102403517
552,67.59157168044011,1.689207543637152,-0.9399206625988045
553,49.46544116298626,0.7969117542578783,-1.589992731284707
554,3.2112011993148872,2.230422039638765,-10.125223290721117
555,5.9071224659690476,1.1883434645375737,-9.069640311927943
556,38.534722460760094,1.1755296690625536,-2.3834168859026015
557,80.71372300522225,0.005437964654310582,-0.7749563549489862
558,43.61788286477699,0.19875306731340214,-2.348883340170192
559,0.6280676372619384,-0.5130045449049487,-8.362869257607361
560,1.48656433012886,-0.014540168546684999,-8.206732479874272
561,4.2569656496028,1.8360008778374253,-8.933461746156821
562,9.825014307537131,-2.172014981520126,-6.474366440954088
563,5.77643017054012,0.8736149533562126,-8.71091785808806
564,42.13541364759725,0.7215731087456666,-2.0297541317680583
565,14.21673999869858,1.6671068860602065,-6.969945306456004
566,33.95192848583863,0.006006152381155416,-3.089328357434638
567,23.391818293887393,-1.506753612744546,-5.4328682363706955
568,86.09167773347785,1.0393059395009066,-0.534010579905762
569,27.90538918734213,-0.4928681081950881,-4.341885251161439
570,22.23676416539083,-2.4461399338635608,-4.58931973854338
571,20.984167141364264,-2.7115786658446015,-4.385956678499772
572,27.47359207531998,0.004656334082867419,-3.7899129066632593
573,10.633558712547583,-1.2258532956630006,-6.6674490104624065
574,14.034105506336717,-0.9434368246775415,-5.799107614782487
575,6.645702717417036,1.5960610226117415,-8.456741667599546
576,4.775857314671683,0.16141712836968908,-9.774102525024077
577,46.89442640702533,-0.010566235637887774,-1.9288288811870096
578,8.410938488662795,-2.1707518393624676,-6.093560753553373
579,7.727061387961404,-1.6069409036730997,-7.625246022520377
580,18.776136865473042,0.6476360395635217,-6.165940419209179
581,18.66944115770409,-0.42045085920997216,-6.32818514783264
582,68.20211130881206,0.24580969103667333,-1.203717259009124
583,10.504520475418035,1.5853383699998553,-6.7260991631140055
584,31.790288509272802,0.5496842895179206,-3.3733296172068217
585,27.356747630963714,-1.1001374728196645,-3.980846814078856
586,81.53264476088086,1.4224478043416722,-0.7575799247157217
587,19.58657054821367,-0.5905312995219788,-6.084058284637585
588,5.443692187087473,0.7866946761209213,-9.982297660836362
589,4.732580753401445,-0.28769591093140207,-6.916812664300732
590,7.4036442402952565,-1.1536972661825735,-7.878976240703706
591,0.7330796676973713,-2.205523572529957,-9.603599691368293
592,29.167795994419535,1.531261528890994,-3.4568875951867546
593,1.567750161960001,-0.7651256356257308,-9.256974109745883
594,20.0546218548552,-0.08202642473931611,-5.665275299482286
595,1.1047722591353932,0.4436274690737183,-9.894247220308442
596,2.089802211190953,-2.3818039727322224,-11.073625827121656
597,81.06841830321389,-1.5876880628393701,-0.6543944399231645
598,38.46273560744602,1.5303770437013395,-2.516092834258646
599,4.601922368958407,0.5710694529457858,-8.179494578422517
600,15.046037888673753,-0.33775464509744796,-4.946283182390571
601,10.825235064785053,0.944846545542511,-7.164116080154972
602,16.21736952688746,-0.2838005180299038,-6.583391930830148
603,4.9337343554552655,-1.101374349445695,-9.895437583091047
604,0.017014273826208327,-0.3354663159500957,-8.260227003015517
605,58.7359769907114,-0.16753652769027133,-1.1665911450612982
606,18.95064901111582,1.713977458458165,-6.340331465466552
607,77.63681318244953,-0.6119146453263745,-0.7396352476656682
608,68.89967436560823,0.02507335386034845,-1.0529440704080264
609,116.55870646039112,2.2123269653478803,-0.18554098640771705
610,24.53197856196011,-3.021236672627234,-5.101482128679505
611,50.52168030991516,-1.0759572777481128,-1.876026690369203
612,33.056195498948696,1.9398045109586028,-3.76817054326099
613,26.731819767657676,-1.1166447454380029,-4.55885516970314
614,8.442911235527115,-2.477302320773206,-8.497755246778407
615,17.068124748005683,-0.4943634937609247,-5.209653418430185
616,108.09332460721107,3.5229900227411646,-0.3259197575067355
617,1.5794549058220968,-2.2626601631184884,-8.567422191389468
618,52.12990123867177,-1.4699178679839373,-1.7980247874211532
619,55.83100891153197,0.7272085432910325,-1.5329405652390184
620,4.990786128837678,3.6803982209469788,-7.107879526013701
621,23.440293711340292,-1.6105819273211404,-4.430116929552435
622,12.068695656792924,1.873965787390945,-5.56732751036377
623,5.318067399658245,-3.4205752895690695,-6.922624659874365
624,11.304449357049776,0.40651530244944023,-7.928753939433829
625,17.16100693889801,0.3448873071383319,-5.583206198497698
626,0.9321998295559025,-0.7961524755791385,-11.39086729418531
627,3.7745984874192775,0.27701681523687205,-8.789028152829472
628,95.29911447318544,3.071000006301666,-0.43201546553605813
629,15.591838824936735,0.7209522147673721,-6.2098455972143025
630,5.405913817588576,-0.9995505479934468,-7.2126130915681665
631,11.886669083210135,-0.4462940597835705,-5.603809258490528
632,47.71764541984393,0.43605037269857083,-1.6373667453223113
633,23.32003337184695,-0.6594932801236931,-5.460509725356615
634,49.52319064973898,0.030484337410194753,-2.032597553234841
635,144.24530167070654,0.9378587727499448,-0.0696601845328563
636,123.49966351298555,0.012300394399887355,-0.1543031344180678
637,34.71856479645558,0.6541076424590662,-3.2339089517278032
638,1.2380950867835059,-1.2494575432480564,-11.103684344358346
639,12.020674182833877,1.9244855839097141,-8.006640744500572
640,28.585789640963664,0.4805135216629456,-4.352187000238898
641,6.40501148702161,0.7200661147304265,-9.671959678927113
642,3.4131561348653494,1.308517377194724,-9.257932379820518
643,28.66928023719038,-2.7943095857205145,-3.5140693657009408
644,2.0144182639994717,-0.4621689352887026,-9.747666531654998
645,9.03243206249436,-1.4441914341754933,-6.204664821240821
646,27.9789751120498,-1.8251930594347212,-4.232712943403642
647,0.9767413361615869,1.32815683046658,-10.434323091034637
648,49.86472296353614,-1.776914740926748,-1.7900965585946214
649,21.33175172302652,-0.6354172526816155,-4.716940780144339
650,49.34664716272843,2.2582724216222,-1.7258217530035636
651,125.1990476289586,-0.48580545472200787,-0.13803786265328077
652,4.83045774234901,1.2423479883616784,-7.338771675145325
653,2.4836207195203706,-0.6396515104767475,-7.7608526685319745
654,17.87626910684967,-0.39299187197074714,-4.737802454918447
655,2.2883640633099387,0.2920612404516225,-9.559372534405329
656,38.043659910212746,-2.26983075888325,-2.740818559810434
657,3.92440137929936,-2.2100129785140696,-8.956732291056598
658,26.577996432097684,-2.8238050333271336,-4.844762896116709
659,7.063008404474336,-0.38801611346962217,-6.8166056302173414
660,6.376815138791281,0.06589148549366988,-6.681717183499118
661,0.9564719197641645,0.6898604411571401,-8.471796910091534
662,20.651770747889113,-0.9120157476915958,-5.341998862738385
663,15.199512339518789,-0.33677551972827807,-5.14038526818992
664,11.876205929281644,-1.2828929800160882,-7.987438197864621
665,16.463530800979502,-1.3202352145443375,-5.93033015482209
666,36.104712322936386,3.0620476604627944,-2.4100887750104927
667,45.86432467176496,1.491547802545038,-2.156568202649073
668,133.6220311770665,-0.4405639779331917,-0.09994271931845597
669,64.68167673614407,0.12788639868718576,-1.3694851750452754
670,71.35383604455568,2.0374718931501894,-1.0087917998148563
671,16.23185465297344,0.2770200450811062,-6.313466033412176
672,48.31444750231486,-2.101461169496717,-1.8964388226126072
673,0.08223180338662275,-2.7811776811361613,-9.976922714555629
674,7.112017196630873,0.30176856855776607,-7.360850311269127
675,32.246782722437274,-0.15019806599642704,-3.455490326228739
676,66.10565095571285,-1.7724722599194016,-1.322150685152383
677,28.43837942254444,-1.2205118548356233,-4.5726435483308006
678,48.32508362014814,-1.0387672043368854,-1.9612178914125693
679,38.09346612342452,-1.78496378075515,-3.096307741765746
680,1.3660443415132764,-0.544503825764479,-8.915090412921407
681,15.693844667894089,-1.8548865099478868,-5.866226958979561
682,63.16971556912245,-1.9031227154453716,-1.4266296440842658
683,73.63896166886444,-0.8429544233669746,-0.7954474826054687
684,26.813405077948723,-0.6863649036974864,-4.008049681075772
685,10.712358218846942,-0.24332597642507042,-6.240004821037633
686,70.42133322328513,-0.344166886378527,-0.8621603212886166
687,9.25148235862893,-0.42354106755060167,-8.67458453131276
688,17.894225120025947,-0.08284533264623956,-5.280547987085962
689,16.864133797120044,2.61051050903412,-5.183789284197376
690,50.52883291437908,-0.6941406122674182,-1.8903043242790365
691,16.174441206072007,-3.7039405298729866,-6.5198145984454845
692,30.651175274675442,-0.04077140120103401,-3.3207526366340967
693,27.507100640048407,4.268221855128768,-3.5392943693890926
694,32.47820460010739,1.4223681874197314,-3.099286852625863
695,3.6945913539623865,0.4298559924540151,-9.056143265826135
696,11.951142136521481,4.497154421686785,-6.8351503071868835
697,6.703948510684142,-0.24246381136609482,-8.467175758776596
698,87.88629255672645,-0.5611135313245939,-0.43179288297216417
699,4.173637399228385,-0.004295842135213998,-9.249253337797485
700,33.42495638251132,-1.159301802670982,-3.1710627061614227
701,70.91931083991352,0.2553105515824269,-0.7890806242445927
702,80.53358646525021,0.8604577626509609,-0.6305702246444533
703,23.447520807850527,-0.5392182849550375,-5.460701995690416
704,61.959333809338176,-0.17027399442758556,-1.4468154820075239
705,0.10001308649701814,0.17090047528114916,-11.140504234865423
706,86.66769106618986,2.599450112573922,-0.6598761016681086
707,3.6098513026338352,-0.727824231604191,-9.80966518171538
708,45.360833438388994,0.22997136318736236,-2.174022109350623
709,3.9065925462835676,-0.5969350946447047,-7.315625007607879
710,46.676918284714,-1.0541953577967995,-1.986134438459893
711,14.72484151832319,1.3444465444248468,-6.672872437270761
712,72.54659082664996,3.352538615580371,-0.933680943909139
713,104.62434764108116,0.4826845468555808,-0.26447327761529676
714,12.561124205829922,-4.643720493978788,-6.637111399707382
715,35.090020974629994,1.584258597596312,-3.4242557297755845
716,12.98736699524365,4.3295082523402195,-6.071528035133646
717,14.793412729165185,0.029767615023736694,-6.1375579590029155
718,50.10900494563983,-0.7007985648655526,-1.6653811343188343
719,6.326953140797882,-1.6789051750147297,-8.901080020689175
720,2.0773052810429986,-1.9654761332520772,-11.171149455179059
721,7.714632564612366,-1.827679137784501,-7.715090442193524
722,44.19991613992813,-2.76438800811614,-2.18828169808444
723,30.860895370549855,0.13805338435649037,-3.507391808227185
724,0.11186050601431591,0.4169638696935478,-9.386620774200841
725,131.85310048543633,1.98538757462293,-0.11920760342863673
726,54.51584777107722,-0.8751959441327573,-1.930002349129145
727,59.41653623064039,2.482531940138063,-1.4321749099501264
728,24.725863793937318,1.4729118901762104,-3.7130728553314567
729,4.377500742688822,-4.997030589639378,-9.42322765802639
730,12.49744999371432,0.17761347675831587,-6.922474053252673
731,0.990578472532639,0.6684522564103658,-8.947849215683018
732,51.80690221053919,-1.1266251949283679,-1.6314275499785205
733,58.69695326767481,1.192726554805616,-1.6758077295439437
734,4.417418738911717,0.4286716834703752,-7.796314731704737
735,14.320814459601692,0.7824084928347455,-5.985874994721359
736,2.319303988565992,1.1212740623998063,-9.370662756694124
737,2.342467903562557,-0.45423781685998565,-7.483205830064671
738,119.30302964314556,1.1821798216622197,-0.1745455557734096
739,37.323049895369174,2.3692038635014927,-3.000627305942427
740,57.22923248569705,-2.538726490922416,-1.4026836184768037
741,2.9998237316188896,-0.1204572954852722,-10.454221370165238
742,6.049497019827509,1.3465265929056796,-7.233202544399437
743,48.33892739590325,0.1398237979089345,-2.26895033508355
744,23.96912663306479,1.198744453185917,-4.572233085701005
745,58.82365029721404,0.71418775632338,-1.4510281394273985
746,35.18219205217057,-1.7528827786159726,-2.844104918806201
747,24.113430332267555,-0.9379461581631949,-4.928087478279459
748,1.2477133815701913,3.0457050572188216,-11.19972936814417
749,16.350669529321287,-0.6495247303812827,-4.759359149452319
750,2.136746383242323,-0.9942094720087121,-10.984993638172647
751,26.62412084878495,1.3373119978502417,-4.0662745657318435
752,13.441544081179734,1.0621589575902561,-6.495957527773241
753,9.207261773560209,-1.6199881570942556,-8.222696809142432
754,2.5670267958939483,-1.0403089059877024,-7.962213645697697
755,31.365151420792767,-2.7325864490050136,-3.699109347386627
756,0.5096696898923374,-1.265265390551659,-8.724190173689795
757,36.94664100473453,1.8278160633774303,-3.3430979544423254
758,21.3811836318676,3.2938127405156754,-5.8634813212447625
759,0.1590153889594302,-1.1861470313267044,-11.119548262661393
760,44.91842846436373,-0.17242798316164393,-1.957749475349793
761,23.793253664648873,0.9616843345977653,-4.82637666349543
762,6.413318814629039,0.37637272600451593,-8.165018301101783
763,12.66008728767307,-1.6550234269359017,-7.6346793340722146
764,10.176114587119685,1.132055462847323,-6.408273273556497
765,58.167435947487746,1.1099183817094573,-1.5239596147965482
766,20.65537233983748,1.1050308465838308,-5.983298734114913
767,15.603305940734597,0.4138877530927735,-5.060455520255615
768,6.11338988387681,1.0681376788395307,-8.615857366806038
769,3.8342250945216194,-0.3806956477749044,-7.181711585358561
770,188.69577232527035,-0.7031593148207791,-0.02036724502761175
771,39.41948833388965,-0.3225209146354262,-2.3844738029015615
772,96.11947801874969,-0.7334894382904243,-0.4181128633823121
773,31.653913955837435,-0.5771783625001591,-2.804337928081304
774,3.39350398210303,-2.764036108549858,-7.881432097643746
775,4.677997522791218,-0.4229980763790724,-9.818372076690352
776,11.79623860936639,-2.598196123602152,-6.508966020225853
777,32.32198682234587,-0.6884698053857984,-2.998331528560468
778,30.239976849408663,-1.4706095471880003,-3.221445706685137
779,13.070532941585185,2.0285621069896944,-6.888144018058951
780,20.195238979548485,-2.1615304270582074,-6.017274111291187
781,17.258301479477417,-0.021205912436026354,-4.85728612188017
782,45.61440247168761,1.5984871906156313,-2.477856921904734
783,41.38841962015067,-1.0010516618883583,-2.124562053167501
784,10.157050291999138,-0.15392489339772075,-6.510470968781194
785,5.846162402818703,0.20283974192011003,-9.093925042007928
786,2.0257301902470615,-1.6862237649378404,-9.17666814549064
787,10.837520039090531,0.16142858160761966,-7.982165986861321
788,54.87785351572605,0.9916084589752526,-1.9029519504993735
789,9.426510655533589,-1.5983845370074508,-6.232857805907571
790,45.56157679182739,0.19834985228285074,-2.3171303631856257
791,14.563589928924738,1.893367554632488,-6.503466649058231
792,4.6888151385559045,-0.1610698692384485,-7.758243459181822
793,13.900808141448003,-0.020683641812482292,-7.202697524592009
794,21.799910652729526,0.6840111620676406,-4.46813997490673
795,15.511083014333904,3.474209712186161,-5.025776375173831
796,68.71248380131262,1.4510424309093226,-0.9118687638234916
797,8.403093743581005,3.350101690696253,-8.632730173155144
798,25.62862386667183,-0.9124363666094433,-4.9783908617334705
799,76.46511359383017,-2.8743945545317344,-0.6264341749426273
800,95.54982800471487,-2.9668662371679786,-0.385213265315607
801,35.10045621240113,-1.8330458240844587,-2.4847109313343863
802,6.448533688873367,-0.6453037172380416,-6.8025940600413835
803,10.973116436284846,0.10138492901784195,-7.781758277355162
804,26.470621237813585,-1.1363547668151133,-4.3513480050986475
805,33.24499893115067,1.8771338672801323,-3.1126349706857104
806,14.337276574993206,-0.47375280592370816,-6.509879657087237
807,66.28843939321004,-1.3402818193221218,-1.0346039561317488
808,42.6796058053468,2.6421346355577087,-2.442060763444056
809,20.38623780012118,-1.7492474602431263,-5.453151270245667
810,3.267418501492283,0.812109123445212,-10.388351116294983
811,7.891808067408718,0.679248694241551,-7.41748137206866
812,165.3160289851609,-0.7554802246809142,-0.03352599509735663
813,34.27323447789335,1.6000056664484907,-2.7255156005408314
814,40.18512584425777,-0.24386891346165518,-2.3247398525314935
815,3.056204226345461,-0.13612639392585227,-8.703192995446942
816,142.38675024145527,3.353701066243526,-0.09181232446070316
817,66.16417756456646,0.5202212527559043,-1.2886901016484624
818,28.385031798527844,-0.4135509323280371,-3.2510199978946543
819,8.64313196542108,-2.025530315112488,-8.811093200252596
820,8.28090655401509,-1.4392805212389095,-7.515094005717873
821,9.733763681418587,1.2570576644854299,-7.890408443874592
822,78.2033687786996,2.1890584247372287,-0.7346340108865087
823,145.82881131803836,0.8883861792003623,-0.06504446750286004
824,21.017268359267433,-3.006843921856712,-4.42566033103171
825,25.71765386342949,2.3160067354953506,-4.980992024687522
826,41.99079836650128,0.0013520451074613901,-2.522263829198831
827,5.384364808904173,-0.29370608606702353,-8.596750950643738
828,33.01529615924046,-4.204676608652921,-2.9178507125298174
829,51.83212418653003,0.04516330898448416,-1.5489892588784835
830,52.68206374237393,0.4540045705228105,-1.5183310687886655
831,10.486722922069466,1.5189038461015671,-7.384582655959504
832,0.95992202169121,0.6154989149367818,-10.559630865021367
833,38.62736064778603,-1.687001871196615,-3.0475626676529206
834,54.0082196784082,1.874179677867014,-1.6074697488670782
835,34.93459539677516,0.4428511441378943,-2.9686398061711397
836,5.639632811860936,-0.7638636516738153,-6.745435521420559
837,5.7746385116354295,0.863416229323692,-6.8791316988083375
838,5.14267079026145,-1.3071161777277593,-6.986443247340568
839,16.087012789325637,-2.1330514182379625,-5.068424842270118
840,37.521138979491575,0.9291312031918948,-3.107787213907057
841,64.58066747103628,-3.1648951129376783,-1.2043173420148665
842,98.01922807997127,-0.6215982939951616,-0.3941405390381337
843,12.016534112233055,-2.696364133562296,-6.952131017647624
844,32.40990897122418,0.8192253908172102,-3.008620614636625
845,17.883803364216604,1.3420061610170844,-5.3883741774616825
846,11.382089891347343,2.5206136104433456,-7.133598356134179
847,78.19722757277606,0.8518735882945616,-0.6482235976337771
848,10.509465611550223,-2.720201803791193,-7.812689140585907
849,18.757276787652543,1.6645648698342437,-5.986200111164203
850,4.06699624995732,1.0714609097133452,-7.173658353310934
851,40.068445487050056,-2.8938487865565126,-2.6931515859184754
852,15.056325905558984,-0.6190901631119027,-6.41633048801953
853,37.39064868474863,0.20112417407548294,-2.507206379475176
854,62.57564201637325,-0.45144460331115227,-1.3905250860038196
855,8.252173697501762,2.815817234057356,-7.727844892433869
856,2.3120343606848954,0.9297675214653707,-9.402710397967986
857,2.618018450406687,-0.6565368942380887,-8.288725977360667
858,23.882481166207825,-0.10430608607443659,-5.1029578268156355
859,1.350503483931312,-2.856377189027543,-8.182101456438138
860,46.823451880217036,0.17055021081755406,-2.266667725622712
861,2.808989645379487,0.9707372997470238,-8.82250247766031
862,30.14173247756905,1.2983670484212269,-3.046560534394526
863,42.83094504453352,-2.2004324531791943,-2.8713707267862727
864,12.360261058061978,0.5517423428470114,-5.386255296193399
865,0.3478979019609431,2.1854434701131016,-8.0034755217263
866,49.75844806864177,0.3789000300312456,-1.5463330294815363
867,11.680221637930222,0.12936501970452752,-7.0076629330198115
868,2.5874171886229136,-2.7219076587053634,-8.037686946534478
869,91.78487180939499,2.140130011833763,-0.47643750432920573
870,13.934462853279104,1.5194397250177487,-7.007248606711116
871,41.40599839047465,-1.8902899912182778,-3.0066710829036354
872,11.25581928121332,-1.4638024709444113,-7.344813844739544
873,47.49696388349697,-1.2407046346597816,-1.8823993397916474
874,5.204700372665314,-0.03134560568065256,-8.561193111723542
875,4.803077170273927,-0.9196174851897858,-7.795238269270237
876,22.158282771329016,-1.6275177029748154,-5.289931589659717
877,4.895948280819537,0.5579583847916987,-8.907573490503559
878,1.301628267571083,-1.1060790778284466,-9.113657640155386
879,1.23663609745381,-0.31726593046477747,-9.976989033913156
880,0.08398513171940994,0.1380277258538402,-9.019854685770213
881,8.455487046231859,-0.7731940514508512,-7.125840750901996
882,21.763337427877644,1.1323229155045444,-4.899254272542663
883,15.58506205932646,-1.0150099329156363,-5.1136936210838595
884,9.417056012389466,-0.4241828995787954,-6.5105708033447645
885,11.642333317626438,-0.7575061062036936,-7.656178449993397
886,46.133045888183865,-1.215877584088423,-2.041450649174859
887,1.2832530706574992,-0.4674715612428405,-7.868278401494287
888,6.99265446640273,-2.048268754086186,-7.636266071829603
889,58.14359702795674,-1.9433416219221207,-1.604751831102584
890,0.5142127267931167,-0.7449850144047361,-10.319192664609737
891,30.338239358459504,3.160258399289817,-3.178879068779074
892,2.0006895784496237,-1.2835737552959385,-8.486015888368401
893,1.4437894908622344,1.0745908588282966,-10.806783926718865
894,3.9807337043842677,1.0401793316021632,-8.952796643297065
895,22.605369063305037,2.101515041888215,-4.252701791693649
896,58.335942156537406,0.06566911699555378,-1.2459710186011141
897,88.95331004112278,-3.4675270644378884,-0.5187778887061819
898,14.248696441572111,0.03383159145119801,-6.8754938181951815
899,22.5437174169792,1.0893806189980015,-4.06560800857615
900,2.033290461918319,0.4646541945784368,-10.079727712354748
901,28.954558397778772,-0.2570245906959456,-3.9180765472771117
902,33.2140208723936,0.8815593928131368,-3.6098421147906565
903,15.709282999919884,0.6076568443794208,-5.733558503055943
904,37.86831011844625,0.9390583942295438,-2.680950494535025
905,38.75446819419788,-1.0241801549979752,-2.538432144053429
906,45.19220675190513,-0.1841974658844802,-1.8465097970511468
907,62.01215704267928,0.5447312770442747,-1.5096631651186456
908,14.823030492796255,-1.120172916140811,-5.74653185992745
909,41.62400749647264,0.14472507073592483,-2.039925865842181
910,15.489177581766734,-3.005472818346645,-5.32055150059179
911,33.78729754737923,-1.2177953690915428,-2.975093213893043
912,95.98574791155724,1.9207861347070831,-0.47493126688397547
913,0.7061694285799298,1.2584558054520179,-9.42038968929539
914,9.8462751355679,0.740058955254019,-6.598875898703635
915,25.720101121472315,0.7038408570816405,-4.952407066273592
916,44.357144740901916,-1.634308417256861,-2.490068398261726
917,13.783630184576447,-1.6598861236016957,-5.503893556752359
918,121.02561892814977,-0.6104730335303639,-0.16507437868562633
919,107.78103678591118,-2.7664614085125705,-0.22696524017160533
920,34.967313509336215,0.6059295597899219,-2.540754092705055
921,34.83002942256309,2.7473933423473005,-2.8045441951773697
922,74.48219658024519,1.0386156542004028,-0.7379095364960797
923,43.45102093111109,-1.727387398099928,-2.1218347517233056
924,11.35332593516569,2.225101794876062,-7.4215261084219915
925,15.06192359177488,0.14559648615185944,-5.089619528320168
926,2.980521285878443,0.8154265687818917,-9.415896689758966
927,22.409822351389302,-0.47418683067136763,-4.821988857731939
928,27.97690979328023,-2.5965592193473572,-3.4610087201909403
929,26.991689869383805,-0.6780998806678157,-3.6061044016403256
930,15.575539269684178,-0.7300926794289825,-5.5288390361004724
931,7.6745585941845365,2.178106592177419,-8.434601342267479
932,93.850899193636,-1.9848590241603006,-0.511132815577113
933,28.39284771259217,-2.5270672624708173,-3.613350699044547
934,14.796481082080204,-0.07761151182866463,-6.013072360038722
935,20.835453938834867,-1.587992534541423,-5.7202014391304745
936,66.71984343356347,1.0474421595173777,-0.8700266340864214
937,6.130714233281077,2.204288280280119,-6.617227839161879
938,3.386522050694232,-4.657822610136442,-9.928102566017522
939,3.5640001916088395,1.4040005492883978,-10.387036575275358
940,8.406731952300303,1.4562497140356818,-7.185259376413259
941,19.17528590300183,-0.3428646892454904,-4.820573220908503
942,115.89947472980795,-1.1229947015184174,-0.17804010450479174
943,38.7052775933658,-0.10150666152856858,-2.885495206959233
944,7.212573747111073,0.05959188882754586,-7.447517603939116
945,47.11842254521216,0.345358547821028,-1.9221785391405435
946,2.206576774909223,0.3864452994692451,-7.890454785319987
947,22.393996966249617,0.1689285056027764,-4.814770672771013
948,7.679459628497649,-1.2217453315299536,-7.422613504763729
949,19.465118837620796,1.0476992304364332,-5.762817543693145
950,15.690945580992377,-1.6961390075340481,-5.146242238978902
951,38.50715715769385,1.9124658073201846,-2.7769452350667914
952,2.290287233589166,-0.7350442193767411,-9.084472701490949
953,12.247676989307749,-0.5747466509514245,-7.80160460873305
954,35.66435759685037,0.32415934856176754,-3.48111140645068
955,10.442007972498892,-1.5223679412632423,-7.758505573917985
956,53.085220139362946,-0.1892131923802989,-1.7931118707657632
957,45.154829344810054,-0.9125864472298342,-2.1270242140222386
958,17.14760528568883,1.4893777195538427,-6.302909888968986
959,1.4240208770408522,-0.2587006598426086,-8.120397231486283
960,45.46569246171756,-0.7003758468586126,-1.773336421924645
961,1.2921895734568554,1.6019077950980827,-9.6560250927228
962,6.813877318721268,4.274915463984923,-7.619457748408744
963,64.7648302764981,2.580739270481878,-0.9362773897805061
964,5.016787372766983,1.6011682629387702,-8.309928087670713
965,11.586564963876953,-0.020924876278175276,-5.9140909530027335
966,7.400199334335181,-0.6880502948485833,-9.05635884952259
967,13.192164209829855,0.7352741380545079,-5.62623586940056
968,25.461871864725403,-1.6312470803864723,-4.254568419741837
969,56.404290471907764,-1.7129410687967992,-1.7712676567928438
970,29.12071796612809,0.8799360450165945,-4.521490036473097
971,53.405281286607114,-0.9677895117269909,-1.4269864057007051
972,10.872435620374564,3.730264787726109,-7.11175020812924
973,47.36891547144469,2.599872941554409,-1.9320775941541275
974,8.13165893940333,-0.2433394627508681,-8.732493871968481
975,73.16048774609185,-0.1540359829237327,-0.840450301830028
976,7.1462214055961635,-1.8331847105191783,-8.337882628906996
977,28.597087554156907,0.4958771571675369,-3.6553268518971964
978,35.24288571899997,0.4905292086435196,-2.493444959637226
979,51.82247472306802,-4.7332830898154965,-1.8349089633876656
980,2.011126926437542,-0.22021970248254594,-8.563633358686987
981,25.605640197036564,2.179940489503005,-4.179237392965279
982,8.840959476194286,-0.9439690951166408,-8.363087952807584
983,15.467862767622997,-1.598070436153919,-7.028613105033209
984,16.380007863468066,-1.1284065743982856,-6.0810560125143
985,49.518745915799784,1.4974331798691227,-2.1728635722666225
986,30.795669380318873,-1.6030610930559424,-3.95436333712133
987,41.11487586175187,-1.1393837311901212,-2.8996523493663147
988,2.817938474559631,-2.268084409011196,-9.184337050885732
989,4.70596756787908,0.4127788619999927,-9.015867817040892
990,25.23279856831262,-1.9301953307201734,-3.703361248534474
991,24.99572601337288,-0.7106945727642554,-5.0200435364292435
992,25.282951845192045,2.480659541314602,-4.808544363424925
993,58.31264787965227,3.020213971174426,-1.207373563453573
994,54.82527601857865,-0.912785146901838,-1.8056651650414695
995,7.570525464877304,0.49485223961056063,-7.551778973438937
996,24.897552484483086,-2.5481396396934315,-5.16434027162902
997,1.6898898776151232,-0.23257402286252285,-9.671221779431166
998,5.05258852878642,-0.2245818298145479,-8.924000789974064
999,18.32940788678483,-2.748716944030492,-5.736366884828448
1000,5.731714514365661,1.5631822029728348,-7.322112981052482
1001,24.74278888027702,1.0788030646474203,-4.570541581839266
1002,11.825879234837021,-0.035993504139088486,-7.1805802124122575
1003,71.53338799859532,-1.8829191727019985,-0.9288479168225923
1004,32.12342236086373,-2.598118662300768,-3.511247112359354
1005,0.5296258978853249,0.5142350735457893,-7.8720797127144
1006,12.679080550993307,-1.1150385062214692,-6.310630868924676
1007,32.68210422641121,3.213207708744114,-3.4533456926120207
1008,17.082692697829604,-0.3731847371931061,-4.594580491667064
1009,48.97893352463925,0.325417862869577,-2.1598059683308413
1010,23.59081473113936,-1.4965944171991572,-3.911123918814037
1011,32.44545338333805,1.5791483514286346,-3.4897080382571244
1012,12.680661664023496,1.0515316494319462,-6.894497524055277
1013,77.09881095866315,0.40102647290283533,-0.8599085277853694
1014,3.10263120609834,1.8846687011715846,-10.209993906335951
1015,64.1851434021039,0.2815181614763515,-1.089408902119142
1016,12.322734779884573,-2.7072059183259167,-7.755711696953194
1017,3.841340538372663,1.438156086352769,-8.44153613313848
1018,4.838603803923193,-2.165351350833216,-8.808724983834592
1019,44.503307254057695,0.7009441324223431,-2.6306067750087703
1020,57.85562054721858,-0.9677873058448969,-1.6469810871642028
1021,5.382609644282194,0.0009726845995010178,-8.918224163864526
1022,21.640141469041467,-0.06635521929918894,-5.056217553933311
1023,71.3642349118433,-4.1405929302794275,-0.7845730933596404
1024,116.84103863059383,3.4567886250861934,-0.19431182594770216
1025,6.771606296394373,0.8579981774404113,-8.336539451442656
1026,52.04332446078584,0.4802479009249533,-1.9925835654985384
1027,0.7744711785849855,1.369838217924529,-8.014355060158946
1028,31.348039542771154,-0.48983483067545863,-2.9264140839638833
1029,29.816382916717444,2.199354724313257,-3.0415326340185747
1030,15.716872336603544,1.0888334384912166,-5.157403767800672
1031,29.790070248369844,0.6609871327630259,-3.620626864388443
1032,15.88674782104891,1.869039717283727,-5.049277714177169
1033,39.27737539492993,0.22389719309296519,-2.1783538764441945
1034,20.51187777385549,1.1945249756049954,-4.931617448476263
1035,9.917727010468875,1.2430213271259778,-7.038488758475368
1036,4.515287127650814,2.023066590415472,-8.26966478243608
1037,59.63680080056865,-0.9577962150001146,-1.2846607721759575
1038,24.321760174147727,-1.7789420773982976,-3.719996765605531
1039,61.77701547529488,-0.4390403823140534,-1.4912466691734096
1040,76.95360297781549,-2.770658652133505,-0.9173764154682731
1041,25.001351549034048,0.5083116307779015,-4.828585556368759
1042,0.6899248957621898,-0.22956853335222552,-11.479245010119282
1043,33.68399153319649,-0.3195598971812753,-2.8612034409077456
1044,18.146751467443515,3.9651178925160124,-4.563900210436723
1045,4.269922820774114,1.2826954010089744,-10.167278257857827
1046,6.792664038896779,-0.5899961008007488,-9.300080899842548
1047,15.390455567372639,-3.36069770405765,-5.9012767176331105
1048,6.879264614909869,0.702735009802804,-9.528626746624465
1049,71.46116248777821,-0.2651808148208145,-0.7992581655544465
1050,14.332827539467864,-0.5459187736930595,-5.504313087727655
1051,16.440229555625553,1.9032441255093886,-5.35958292190378
1052,18.91800289157743,-3.725636082273321,-5.420901140845823
1053,112.43737342692181,-0.6935824997396277,-0.23071886558123167
1054,66.6026662445626,0.6850836254505639,-1.105624480401737
1055,11.006011902315809,-2.016870281657609,-6.010766311608393
1056,25.939889489131165,-1.3258345312114703,-3.450055800599368
1057,59.8801179721115,-0.1214357082862399,-1.5313147299855763
1058,16.924668895215547,0.4278349819777285,-5.198655271234047
1059,1.6305217189067909,-2.167158966092847,-10.728749005793398
1060,15.242859527507045,0.6780702887930832,-6.098664877640794
1061,78.80127570112663,2.0393771277439923,-0.7230616550195441
1062,21.60881753678551,-1.3851578110359881,-5.674195334094569
1063,2.3446380582506285,1.0779844461926722,-10.647215734144055
1064,67.40492886929053,-1.8503178626137475,-1.0949759782750415
1065,52.68993665178392,0.7870172463341909,-1.7401888431719246
1066,109.12095107122057,0.5896572349648839,-0.2286420916914016
1067,23.698008222887122,-0.16905695006489768,-4.958544608364796
1068,27.97977555670223,-1.735801604278954,-3.5161555783854306
1069,16.654848034733472,1.4108252189211234,-5.830162080195153
1070,62.78019585434273,-2.7124650188565926,-1.4053197679515017
1071,5.851869198901453,-0.5477808873452543,-6.6782265681171085
1072,7.79843888309113,-1.1937823652575514,-8.482845375659293
1073,96.39231834771944,2.605197678299856,-0.41658646076457123
1074,38.10155434791822,0.3777693768443036,-2.7280695576941607
1075,34.252982855467,1.6481252085078388,-3.4480930926196605
1076,15.458031289942882,-0.0573127741069997,-7.020411879865
1077,8.073658183726678,-2.159324434735241,-6.560269004490692
1078,47.16484346161708,1.4657963003788685,-1.9639297245328067
1079,0.06762006918712969,-0.6093284619083918,-11.337139879958695
1080,5.969958514693011,-0.1589843228273351,-8.618972045831132
1081,11.92002472557089,2.5219153978700675,-7.2016444644318955
1082,32.32506379134052,3.931029126865842,-2.743756940877483
1083,12.241348848722364,3.5191285709314655,-7.146200031200365
1084,15.572523250781893,-0.24642619154129447,-5.118372220177192
1085,2.2695913629078723,-2.050194930197132,-7.686911875985052
1086,25.362267944875246,-2.8709387304884375,-3.9973593923448747
1087,15.221468917512212,-1.9404911197305013,-4.911526467036632
1088,26.79427525383848,0.541018772791718,-4.53999931804569
1089,9.380458690528142,-1.8596994348147962,-6.696880724221849
1090,23.73776194457836,0.8756637369553435,-3.6555021055588033
1091,5.171266071654418,0.32439826035060293,-7.847267697258474
1092,1.0349805542451358,-0.26097616863358253,-10.06729055506988
1093,39.23967006178676,-0.9817154591239691,-3.2173322933793504
1094,27.355733674168217,-1.5978100522902365,-4.325382023638833
1095,21.23937292976642,-0.2058443472961614,-5.680107580352937
1096,12.362049003675256,0.7643600172289308,-7.246457810515442
1097,21.535840333376814,-1.4871572056585134,-4.455642381135175
1098,18.036936745348022,-1.5740421897791368,-5.581546047378113
1099,18.36833866416269,1.2250694739389578,-5.844602790215072
1100,17.469947249986593,-3.079499094311098,-5.26628957895443
1101,5.918510669228631,1.2023728503224302,-7.849985027750624
1102,6.544260465509394,-0.9302859396210663,-8.905573716922245
1103,32.07685367503289,2.0460764870745543,-3.1236494699993225
1104,45.45765931044348,0.34013631099207936,-2.6049618481755563
1105,1.967566964515119,-2.8049791387817966,-9.346077580224854
1106,22.791260090853537,-2.9061463178155003,-4.46185417717946
1107,4.872641437078653,-2.3769240912362637,-8.520569812996388
1108,38.03292077905621,-2.3366817307806858,-2.424966236459145
1109,53.888949817829435,-0.8388679218005979,-1.6550755469473624
1110,41.56058173571012,1.7793096562083728,-2.7931569124835836
1111,22.787627970904293,-0.02262972268189562,-4.947237144427056
1112,34.40308926706616,-0.049342443655737506,-3.5481560094225797
1113,13.79831598431301,-1.0433723381164852,-6.726250563008312
1114,60.70034867426391,-2.9269911575950394,-1.4572814627066069
1115,14.836485613626676,-0.1882324199358018,-5.992672968264958
1116,1.1720745615927723,-1.3339196193478424,-10.282370767309558
1117,5.514788417168718,0.7540670923259358,-9.141144060618355
1118,57.41407074556178,-0.5495520598280558,-1.3384771974720002
1119,6.047187874061338,-1.648631368205964,-7.828062453944088
1120,4.537043624643036,-0.24611177903015657,-9.719047292090172
1121,28.355171014308787,0.44384260489454774,-4.588177529056217
1122,34.51538668037552,1.0379630383746163,-3.4677500364954046
1123,56.26919361175536,0.6946118883762606,-1.3622680417442212
1124,84.70647039572464,-2.738519717326534,-0.6049196527483527
1125,69.5364110968883,-0.6282197284980435,-0.9473589240865983
1126,9.062697239590882,-0.308224195183298,-7.938207485215148
1127,74.30712858287453,0.9851372930468165,-0.9147646816705363
1128,80.71859004712225,2.340877519084504,-0.5909848771976746
1129,87.02596863906527,-3.0265148367358625,-0.4775967072260207
1130,87.59912374699849,2.5334728710623375,-0.47930156383596817
1131,35.58375849764136,-1.1358479025835373,-3.2817769710877527
1132,3.234931053331189,1.709781692609309,-10.272211649832718
1133,84.19277426953023,1.8554379936784096,-0.5726011732603032
1134,0.7798263384702093,1.4619651717778015,-10.311723993199472
1135,21.95258582783255,3.528854945669467,-4.923575119140128
1136,0.4726765512992675,-0.9950251345449079,-9.136669292046392
1137,20.069351211093316,-1.1905270215306802,-4.557236020622122
1138,6.476084889428065,-2.5342572607086735,-8.47140670468341
1139,3.8342436131205777,-0.8117929788133651,-9.071144375106313
1140,78.24015549122461,-1.6038494105486523,-0.622813037548281
1141,19.688107748453977,-0.46260326527906737,-5.232530252623072
1142,36.59149415978898,0.04593200710784574,-3.0499745854805353
1143,9.405745462665223,2.7847234578386786,-6.46140073690388
1144,11.026897891449496,0.6720800507208694,-6.440182846209286
1145,18.136332330972696,-0.6201106737020472,-4.604898132753795
1146,39.16161918086829,1.184328185009096,-2.565502491653104
1147,65.17273874825904,0.7020014741093923,-1.2965935229159529
1148,22.30321528522201,-1.5537504535876234,-4.256737252514715
1149,16.666849769628623,0.27358146423169016,-6.792740523311643
1150,9.267352010582945,-0.36889726599170214,-8.360428745639762
1151,35.83314393914566,-0.4479389111897585,-3.574382761327542
1152,47.17210672101619,-0.5650029713018605,-1.6895818299470848
1153,13.10214956296107,-1.998000319061457,-7.619224460008925
1154,3.9037286981486434,0.5583076753189652,-9.102030585358511
1155,19.210250597135392,2.2640935025470275,-4.494442721389141
1156,19.503425053634697,0.8987609713558934,-4.7431464840962905
1157,4.170135117547255,1.0285326071162868,-9.94301844137223
1158,12.845876662895597,-1.5195482998053254,-5.637819101442894
1159,4.414995657293911,-1.3285106704665088,-9.699708538446124
1160,16.76644949589528,2.3847504104630772,-4.708299065960378
1161,11.767072779859713,0.2558816352526721,-7.545283404875161
1162,17.923094482417376,-1.764091339507597,-5.374995629053846
1163,10.642454350511969,0.8649973992619701,-6.558716447349422
1164,12.342322404720736,1.518493341794936,-7.265478422336334
1165,33.19764869351971,-1.3204051332200744,-3.4236785043336555
1166,100.17661041540923,-0.3509823925956579,-0.39672151554678825
1167,11.452191506760085,-0.4807021671784482,-5.946830619314445
1168,4.13984619227155,-2.012076582552051,-10.306910403337413
1169,72.40105899739453,2.6877039410190218,-0.8693910831089228
1170,12.117254583313644,-0.5542302271518857,-5.705208006471648
1171,57.116914731279614,0.3284269261733207,-1.669619167629873
1172,13.980520271309905,-0.29888325354336653,-5.596197113693384
1173,31.267530102052202,0.42487967450309705,-3.006253824939049
1174,62.957931962330534,3.7595962186365997,-1.414190392446238
1175,52.647130768033755,0.9212353559129951,-1.4312849927511697
1176,0.16755824820950718,-2.8775307696873256,-9.307588195881108
1177,1.0312006813037555,0.6041769531587026,-9.876783720616956
1178,6.032254613478261,2.0361246641756425,-6.871156497623055
1179,10.840393563909792,1.08591431098626,-6.641490803818679
1180,26.488108994796672,-1.4726850114158179,-4.954692738055341
1181,20.23738333676963,-2.923568811898979,-6.093015757579675
1182,7.5341603700858055,0.007633097302836438,-7.620463845126939
1183,30.427182512588857,-3.416573934103305,-3.834444847239618
1184,4.865146827291109,1.3263695926611692,-6.824012335170711
1185,13.685109708975846,-2.446317924844166,-5.4947597361544
1186,13.805607515528658,-0.2361158705991767,-5.577360513227632
1187,95.60067507186218,-2.678249790848744,-0.3590318652923615
1188,23.516108244557262,-0.4384822409180285,-5.144190123225702
1189,40.0733050568431,0.19772682413213963,-2.31418413112124
1190,4.636964258406011,0.5033117397970226,-9.737104409793421
1191,0.21328492848749458,-0.22349083983525886,-9.441263509740251
1192,0.2444386733093175,0.6223710404839785,-8.291568605127164
1193,8.421133531639612,-0.0689239799997034,-8.209718664940057
1194,18.66311330206479,0.8835426670208211,-4.346529398794415
1195,5.411831492417922,-1.7852970203304814,-6.970393191035358
1196,18.265695993624664,0.3212942266992834,-6.064038086982667
1197,69.03307708630034,-1.3091861058682852,-1.1003607405149345
1198,13.538395709897927,0.16472364947176757,-6.6934978381741175
1199,19.83976808855506,-2.1650914232773113,-6.074533480521072
1200,11.810583355126024,2.0612514135133497,-7.065702680472196
1201,21.45737710867743,0.3564861608358981,-4.799894324405732
1202,68.97317192972734,-2.2043044447438156,-1.0250803340108177
1203,39.2307351607871,-1.4780597099439596,-2.360057089649977
1204,17.369735790419746,1.1842167360901215,-4.75481472141371
1205,18.97694623158877,2.1090824032834576,-4.67123485678728
1206,46.42371870688509,0.8863988972508197,-2.3222047144668183
1207,78.02770354558312,-2.1904803424182693,-0.8776052816651762
1208,78.14605090202336,-3.240512084866603,-0.6876328608896702
1209,5.68197536186252,-1.7197227519900453,-8.654559693449256
1210,40.52718822876288,-0.8987934961808279,-2.985357345342282
1211,93.26163646212106,-0.289917500991948,-0.47466964970591896
1212,26.397081629204802,-2.673014236050574,-4.381126877053648
1213,8.086309718885678,-1.0464811643613994,-6.6186612812244165
1214,31.780564626090953,-0.3448188296405496,-3.7475731448935994
1215,8.412105832673083,-2.8106717892128223,-6.657842998744629
1216,24.35414719514065,-1.4905526239451712,-4.099632816393895
1217,16.23212269381799,-2.1525785816673024,-6.3733677981703325
1218,64.24112825656631,0.14761013770125866,-1.042810720536639
1219,49.545607307345705,-0.8864906380468349,-1.9720745302489133
1220,9.075260557677263,3.466865950542134,-6.662175349872839
1221,49.942725841508874,0.3216620430321294,-2.0627007909701818
1222,5.970379252242702,-2.036611910246758,-8.021084919035424
1223,52.266637774671864,1.0325069692097046,-1.5319018117668872
1224,5.746823582589057,-1.238324659606519,-6.8361547728213115
1225,1.7110033677699232,0.07116406901710964,-9.326651513043434
1226,22.459801088022473,3.2256931244246365,-4.7256494378326614
1227,3.580845186980113,-3.1813574695790328,-8.260290697812591
1228,25.994928964174445,0.1935826065822383,-4.3022773268373955
1229,73.94633282152954,0.03735153952516598,-0.9564054340914367
1230,41.92053560370053,0.8520070886261244,-2.0754808417834405
1231,47.28497286793971,-2.1174313337026818,-2.3678704261896604
1232,23.82083075796993,1.5974882376102442,-3.929443944171774
1233,64.46284317802579,-0.1831539980953369,-1.216006253055026
1234,84.26607475500968,1.8979034754027664,-0.6955096363260221
1235,21.93319806910445,-1.9445725335196835,-4.523611459986802
1236,7.093921298124106,-0.0723082422367521,-8.651920745556557
1237,36.61860769587824,-1.2520854547831561,-2.57830595660507
1238,30.435894360762955,1.2970507918950744,-3.4724992392158707
1239,1.8843926266594548,1.310912923228977,-11.26020829155822
1240,43.90416466487173,-2.1285601578142126,-2.038442552054273
1241,9.777314181597697,-1.090994593667263,-7.638557356777826
1242,50.56895931718512,3.2126270884616903,-2.11657505644421
1243,25.589079638242545,0.42961963119319757,-4.832828498125549
1244,5.338106440969038,0.35305810254005976,-7.3992101671992
1245,39.05394033709643,2.4239156462126803,-2.2011921529475544
1246,4.847888018681448,-1.7952860132246788,-8.770529202902093
1247,45.31772622100385,-0.2528770025606477,-2.073779551649698
1248,0.7297013395450662,-1.9784148149581324,-8.98981886892283
1249,19.500834209088442,-1.389698388816783,-4.578947661597571
1250,28.40869813874908,-2.0108532192305972,-3.4080038342334515
1251,0.14773750313122522,-1.4582299053739347,-8.798233919987618
1252,27.004030868741776,0.8551830954542161,-3.4032287971292488
1253,102.71673152863079,0.28921122769567176,-0.280355851987027
1254,4.938718524057532,0.3737405108521592,-7.488854304056032
1255,3.769591174044219,-0.9008870399122724,-8.679316725550727
1256,18.851856281115154,-2.1476298996475416,-5.676268136797814
1257,1.6496389820430684,-1.9542349031203088,-7.909820790651057
1258,3.587488118944795,-1.5323948191368237,-8.527557555599921
1259,4.160711132667656,0.3212399331725802,-9.476830312186474
1260,17.744318223582415,0.690615969958526,-6.028818565229985
1261,32.5162334180656,2.261627949146517,-3.967919637495747
1262,6.617579659258681,-1.1428746718988279,-8.41501126475141
1263,39.244568824898494,1.9012466530892829,-2.629067599915031
1264,12.343583242988213,0.45042694909637404,-6.722688586235984
1265,32.39405917866517,-2.950021403742619,-3.8195205046414085
1266,44.97028988065116,0.8501653908617266,-1.87939312127501
1267,43.36351155547769,-0.1380368100640406,-2.1532309061911197
1268,46.79615568953426,0.6762855300410172,-2.2555043912941573
1269,29.45276199004536,0.8630682870223205,-3.0103139096091702
1270,32.801891024908514,1.0514660375975255,-3.9967710245537584
1271,4.880088640829626,-0.18010138571548245,-9.65451573200054
1272,26.85064698474523,0.76686273393696,-4.413889527187043
1273,13.70561937376924,2.349390057468788,-7.19308250076949
1274,2.048929708097482,-0.48382125803482234,-10.24433787055084
1275,31.939927975425622,0.35541886250585586,-3.6787234441650316
1276,27.205271399287177,-0.9802097409030366,-3.437450621505683
1277,35.58011495979959,-0.27843630313247336,-2.5622311472934425
1278,104.10244675124476,0.006022496517539158,-0.26368292307914315
1279,9.666629406000881,-1.2558838355301947,-6.742953896474895
1280,13.703886195700807,0.6512563434877294,-5.844040135167065
1281,77.31857189272242,0.083039454498218,-0.8939839924707204
1282,65.70510614887503,0.3412767035335439,-1.2436404811467605
1283,0.7794038231438825,3.4543168274324287,-9.441337926159171
1284,13.47416839130921,-0.2151482790948946,-5.51884055358037
1285,7.872392953196259,-0.5287971813768073,-7.996738111774329
1286,1.9047660031491127,0.017093426902751646,-10.206327201442328
1287,99.7221067710359,-2.7107186171597455,-0.29127115693647737
1288,7.770943434368643,1.250238952198401,-6.564867005324928
1289,9.913461388819012,-1.895126047554252,-6.732978133843921
1290,9.076231846502932,-2.611668923338489,-8.465438474146358
1291,52.76732341243188,-0.8607458058251434,-1.5306888613129013
1292,37.17056640078929,-1.9703127041234088,-2.6480961755532113
1293,8.61836220641492,1.4705689953445518,-8.727460881732137
1294,15.6030556607364,1.464937616323505,-5.936008898333339
1295,73.6743803077964,-0.9179790191170958,-0.9928163388534923
1296,11.056324346203272,-1.1073588291962069,-5.713452516813561
1297,17.545591655946524,-2.34313746903186,-5.286529886916571
1298,16.61043363304836,-4.750294370651503,-4.9952315392267055
1299,8.47476835348191,-0.705737850946645,-8.554592181529333
1300,8.67447655249569,0.09108650911707628,-7.291848556962707
1301,3.514904632808605,-2.4169511517898217,-9.951973782710816
1302,21.65769949606566,-0.8691508587217492,-3.961799343706493
1303,0.8102051026897283,2.259258465322399,-9.943180559548107
1304,3.173391121169123,-1.4047091716135636,-8.631479049476905
1305,43.24714037798014,0.752714930072089,-2.3809619848554053
1306,23.582399448125212,0.4775593096034953,-4.586986461035655
1307,50.193091196327096,-0.7857338648429606,-1.6125068452438056
1308,0.9286887790884198,-1.4333905932727165,-10.547551002966273
1309,109.7227814250741,-0.4740121760827881,-0.2265638750061401
1310,1.3013397730583864,-1.6053152530082289,-9.395333248259417
1311,8.490907403408713,-1.0515243210157217,-6.268213654560787
1312,1.4693546258943855,0.25632195612109976,-10.932147396424815
1313,13.4412122606213,-1.1820501739534062,-5.878290135346801
1314,48.4375307771836,-0.23083557649646644,-1.7310527664741915
1315,36.5284372677866,1.9123334763600037,-2.5825984132814126
1316,22.75885264775801,0.3002996364816038,-4.735762758080606
1317,13.170665335284511,-1.4200581930261391,-5.811695810935683
1318,0.9040060407531493,0.7133759467356784,-8.23020584914397
1319,0.16445030128829652,0.7050355622668516,-11.425867506248455
1320,6.708020233732077,2.122794907029397,-7.684741851985801
1321,51.877985360511964,1.4116887480756342,-1.5997265366142643
1322,17.259584420761612,-0.7823753941110783,-5.38589471013068
1323,51.98090872498213,1.7500461283779147,-1.785478313485977
1324,53.28125593702132,0.9468792193569389,-1.8281611786677996
1325,19.33090430066738,4.106118910124072,-5.046234511843052
1326,16.630973899668106,0.8391664173620139,-5.309174449372895
1327,12.029185039371534,-2.1302439240496254,-7.487168023379227
1328,1.5570429397405325,-1.3390527010824578,-9.830374258440587
1329,32.946658499460206,0.8122854932641717,-2.6939151436521063
1330,31.93530056521078,0.8054085050401738,-3.5670118924614056
1331,23.549848008235035,0.5250868539448934,-4.953307649503034
1332,42.47629676351927,-0.20228175069654697,-2.774615005040221
1333,29.91482269419468,-0.014315478415932826,-3.3192818464572182
1334,179.56450036059658,0.1159169054222725,-0.02078171689160824
1335,46.037941957674164,1.9877004223451378,-2.157006047298609
1336,49.481549316034446,0.5410482274037843,-1.7661235242565387
1337,53.18182370538745,1.5034925110189858,-1.627345602876518
1338,27.950440032431416,-3.1078809661796183,-4.710459066343225
1339,30.556481532719523,-0.5967631378819457,-3.7416447925466505
1340,34.67031267740564,-0.8003185505332591,-3.5434657859985483
1341,14.448746800199942,-1.1701859917204163,-5.957579561983807
1342,14.43819990201727,-0.43414531100649545,-5.1901199826411615
1343,7.31124121808467,-0.10866171583264744,-7.774127881747129
1344,9.284505162151765,0.4634339897749751,-6.555410027757608
1345,5.741913653110967,-0.41861325771000213,-9.040802697403398
1346,102.37460951023714,0.8569540386671263,-0.3519681057390983
1347,27.12503593393558,-2.868689730385935,-4.851532329756779
1348,17.721399219496245,-1.6449771179720938,-4.463939793203516
1349,37.2904425211202,0.7641701046829854,-2.805255676379993
1350,132.79854229379265,-0.4777753747364162,-0.12721503486042396
1351,0.7997750978695938,-1.767913600699168,-10.982532102501045
1352,23.331776590353595,0.3688002236749661,-3.9908315854705907
1353,2.7971228865791846,0.8288710508683484,-9.712321211018551
1354,0.8343784945041784,0.2979558994961269,-10.905432140772778
1355,29.647305582026117,2.867019584845588,-4.372231740500146
1356,86.31936671701428,1.9504805419570572,-0.6302181429142446
1357,8.044648586371453,-1.0026893711236264,-7.866813477590354
1358,27.151173687715506,-2.2912074704688283,-4.668151384952626
1359,45.42920881122353,-0.800931955415068,-1.8581888283092411
1360,111.90517417185428,0.26816070732354896,-0.28426791746516306
1361,39.38649194271431,-2.0455044807570757,-3.190403524760812
1362,78.85085825990116,-0.4911068588796337,-0.7243393797832463
1363,50.67373626700188,2.368824833065621,-2.163041390665165
1364,67.37581983805327,-3.2007910846317973,-0.9754366659460143
1365,4.463376501509562,0.08084704268518257,-9.928079054396031
1366,13.20406594854131,-1.6414348080890189,-6.473351119855109
1367,78.5609423541438,-1.4576232851485895,-0.7309738921771841
1368,17.2698774790475,-0.6981116451978915,-4.524601041540748
1369,5.683105565091073,0.4407031726041467,-6.774367573598432
1370,19.29117291808783,-1.075973161011807,-5.20072766278427
1371,2.95145006342542,1.583750211435635,-8.628909860578746
1372,2.6691345378048754,-2.4079742857723105,-9.498860882762697
1373,2.878934171640172,-0.37592219208889255,-7.841525777203829
1374,66.48945544163605,-0.5036540313889112,-1.1661199710070909
1375,26.779419207420172,0.5229791841017893,-3.970330400581513
1376,70.24340232166564,-1.9618092289347153,-0.8273881903153986
1377,38.86131748130607,-2.798809850731138,-2.924428307633382
1378,56.50289956496955,2.253710436957575,-1.6207874452177025
1379,1.539600179831839,1.352597410588583,-10.310576180918343
1380,8.978531273295134,0.3758328515758148,-8.274846174038661
1381,46.83609386955561,-1.2447937300675878,-1.716024490413812
1382,68.9539040979172,0.6488767972603249,-1.0612959843746477
1383,5.845039882854151,-0.6757051720283606,-8.858227804580412
1384,24.50609903519837,3.1036731850713863,-4.123535518899362
1385,14.214896561198104,2.7137812532298264,-6.427942307648013
1386,58.76844045836042,2.160433742865553,-1.4995390098024663
1387,30.74777348294615,0.8918540986750905,-4.140484770656727
1388,78.20291303090993,1.9498742684575343,-0.7973408028991499
1389,9.982056246603616,-1.1382457528986147,-6.448782659421201
1390,9.229661371295682,-0.9395301985287344,-7.680465277535354
1391,0.7786491335551058,-1.2421827406518058,-8.047434557921958
1392,0.35049694828216515,0.37736807288580354,-10.12435373004077
1393,3.234561877961588,2.6477997220680036,-8.459236718817003
1394,42.81964358274982,3.298180717558169,-2.7119427440030126
1395,15.658162275046038,-0.7477282394390744,-5.9397020750883085
1396,25.590348782762497,-0.20515965856860963,-4.75448903849017
1397,7.5309622359160215,-1.8066790229770149,-7.7856030977825945
1398,28.563774445664613,-0.3993385612600472,-4.44631161447513
1399,4.43619140524669,-0.09184759320618974,-10.318039232038036
1400,41.938291597357356,1.7117570856820783,-2.416856488784999
1401,25.72298872288835,-1.8669175139036485,-3.5016046916198857
1402,10.695949324178839,0.9525066048678448,-6.201353621492776
1403,53.105150814238115,-2.158591337174399,-1.8561547355815056
1404,13.283194420642813,-1.3041636269055934,-7.07888834550062
1405,27.46548561531911,2.152921374282765,-4.600574445499705
1406,37.63007735391603,-4.986848935909872,-2.4053112781141035
1407,7.198919061195505,-0.601649820064532,-7.368542643133436
1408,118.91942490791511,-3.1235018322922663,-0.1552249194964211
1409,8.811508512070644,-0.6266222176557008,-6.955251146926387
1410,53.16908149524333,-0.23136896576908178,-1.3744375282334367
1411,5.4303135040333155,1.0083056983026173,-7.683694767077607
1412,4.687145327471355,-0.6720884761747514,-7.269047737245804
1413,3.0729924307890952,-0.1571752393065555,-7.918843001269942
1414,10.238906828199859,0.34587897405796353,-5.767122555162225
1415,25.125726797294146,-0.4425248618989587,-4.770291126910846
1416,19.863388429401397,0.31282314893412383,-6.00665725132407
1417,41.292911507351135,0.10956455486327893,-2.281081790324847
1418,23.1813096157742,-0.7733281812767103,-5.0849145812800165
1419,29.867074264915328,-3.5944534570481506,-4.034322758944494
1420,60.36442404836909,-1.086158886633214,-1.3165428421659127
1421,24.032193061719656,0.5012382199125873,-4.077093313106176
1422,21.830394491970274,0.3494517331185714,-5.787214348563898
1423,46.432913938424704,1.1190158800013776,-2.4838546347814674
1424,29.552355913772562,-1.7698025622970441,-4.40203214002123
1425,23.684127415448575,-1.3876333715122278,-5.094409106047251
1426,8.589521375800595,-1.246300429561513,-8.937956692233117
1427,15.11686909110363,-1.1881932500269639,-7.081649586167834
1428,14.397372790010705,-1.0955210255007186,-5.723877105631333
1429,66.91440759276513,1.1537804436985073,-0.9721142904816024
1430,11.286904543686575,0.7352235966298146,-7.303511212085714
1431,3.51779701961774,-1.8142666016340856,-9.532178359791208
1432,1.8112346096769263,-1.5732836624006965,-10.11999976341219
1433,19.48865216667832,-1.4922452287130796,-4.974868441721939
1434,35.60036343204206,1.7737446375269244,-2.8707329438033624
1435,2.1894993572164356,2.001355879837513,-7.666981489264819
1436,53.60746039796123,1.077541489550189,-1.7000938611084406
1437,44.25932744212945,0.36127707818038923,-2.117272576552824
1438,15.869157993026203,-0.9560211157897005,-6.385524471148747
1439,4.032114462723745,-1.1588469390736553,-8.296118430843057
1440,1.7228791736654225,-0.10710319993445527,-9.387154127507356
1441,1.5120231920433354,-1.8076879616332349,-8.7521124481606
1442,4.3815431286903666,-1.2139037071339072,-8.746045751490975
1443,26.05102071796709,0.5397955984201848,-3.98878473198961
1444,14.102253177124766,1.1273428534520669,-7.1624478008891765
1445,46.18576254487926,-0.11342606927888801,-2.0889842057917773
1446,20.644994999671127,-1.91009283156731,-4.120476445800814
1447,46.702221746197054,-0.01942341828423723,-2.353198561409357
1448,11.164192263083182,0.2543397656038898,-6.681916263304146
1449,13.585548052889738,0.053816158628762586,-7.356257845100709
1450,25.403650158003884,-1.3661462850477657,-4.772459915949274
1451,11.06769240313744,-0.44462496300507953,-7.692725654740551
1452,49.08341103209728,0.9615683643306496,-1.5803876480665247
1453,4.207387935609031,0.8975546453190498,-9.73069463305026
1454,62.59655783739226,-1.127030148150189,-1.3817795545168883
1455,57.783742594886284,0.6266234776438125,-1.5740359565084432
1456,1.6714834705795047,1.4313641672693191,-9.066475255569568
1457,12.1940620406533,-0.8409131945878793,-5.471037215426673
1458,35.60290741133984,-0.6801432213992631,-3.2660463136231797
1459,5.240036697209673,0.36006136398160926,-7.705793541082172
1460,99.13216977429552,0.8576287334535395,-0.4110099567570118
1461,16.76803472353265,1.6960266032434745,-5.658593136381239
1462,15.386637241158112,-1.5657326975822212,-6.619476052830277
1463,28.501097872847073,-0.5411042042442361,-3.3674281174539495
1464,37.04749698698623,0.4468190867712065,-2.443116601546405
1465,13.980791441344707,1.7480907339722442,-7.420819059406234
1466,22.86905988084083,-0.30608435869156153,-4.697768898157102
1467,14.74269851683688,2.3580935226195496,-7.29072286601664
1468,0.4538357920000384,0.9330973775694091,-9.74972753505339
1469,21.786874731347858,-1.8772149502014166,-5.788573691292904
1470,4.103889527188405,1.4358028062564072,-10.02837043793317
1471,5.69449680818921,-2.9518331449299335,-8.08612788641041
1472,46.19644306895843,-2.0203134868800547,-1.7269330118876576
1473,48.571621262988536,-4.541930377219549,-1.9083990144420135
1474,9.159997140667198,1.5993296228464076,-6.378738101508181
1475,50.137642652232216,2.1561955081110806,-2.195608929645685
1476,1.648616952868617,1.1181568424523016,-9.574183653287726
1477,7.79452041507313,0.10452640114787325,-6.872792763744073
1478,12.726561272759033,-1.7090042790098119,-6.775056955759071
1479,14.626432532317137,0.007571952399446895,-6.274222098967444
1480,109.14891394950016,-0.47089450681367007,-0.2772299861696185
1481,13.789519858755556,-0.16651385582156186,-5.834500153707943
1482,3.9513366858437142,1.7943669032624858,-8.96752986977651
1483,41.73059117663203,-3.079991875008223,-2.3508941054467343
1484,41.88082162518817,-0.06702109641984463,-2.9214502438490246
1485,1.4489045112538579,-0.7138826699264481,-8.787202958508477
1486,13.73880050359583,-1.419115578926735,-6.710855782517601
1487,12.399136854396458,0.605503597151096,-7.620172505921568
1488,3.5433662207937635,0.7871464539523665,-10.465760924307647
1489,5.022887700441042,-0.37716723399911006,-9.371022069114384
1490,28.617956923467077,-1.5897141568735353,-4.216622764026341
1491,113.36481522819625,-0.863531972991108,-0.2573398177790448
1492,2.660569118325831,-1.902053111043092,-8.925800695770063
1493,44.557416832667016,0.09940639347939795,-2.0773914855620013
1494,30.776109254735392,-1.1145696524059878,-3.932231179739372
1495,20.158319538447028,2.9604934034287687,-5.219686655083824
1496,14.317227366557882,0.5783488986329391,-5.38517448080248
1497,2.266802008462188,-2.3442434522472535,-9.847322469764682
1498,1.8811090166806725,0.3753269938342736,-10.695087091113615
1499,27.9985693161508,-0.8568407116847931,-3.2116754866456874
1500,11.967407527055457,0.7362462679404062,-7.0737702155630195
